obj_id,predicted_label
90001,2
90002,2
90003,2
90004,2
90005,2
90006,2
90007,2
90008,2
90009,2
90010,2
90011,2
90012,2
90013,2
90014,2
90015,2
90016,2
90017,2
90018,2
90019,2
90020,2
90021,2
90022,2
90023,2
90024,2
90025,2
90026,2
90027,2
90028,2
90029,2
90030,2
90031,2
90032,2
90033,2
90034,2
90035,2
90036,2
90037,2
90038,2
90039,2
90040,2
90041,2
90042,2
90043,2
90044,2
90045,2
90046,2
90047,2
90048,2
90049,2
90050,2
90051,2
90052,2
90053,2
90054,2
90055,2
90056,1
90057,2
90058,2
90059,2
90060,2
90061,2
90062,2
90063,2
90064,2
90065,1
90066,2
90067,2
90068,2
90069,2
90070,2
90071,2
90072,2
90073,2
90074,2
90075,2
90076,2
90077,2
90078,2
90079,2
90080,2
90081,2
90082,2
90083,2
90084,2
90085,2
90086,2
90087,2
90088,2
90089,2
90090,2
90091,2
90092,2
90093,2
90094,2
90095,2
90096,2
90097,2
90098,2
90099,2
90100,2
90101,2
90102,2
90103,2
90104,2
90105,2
90106,2
90107,2
90108,2
90109,2
90110,2
90111,2
90112,2
90113,2
90114,2
90115,2
90116,2
90117,2
90118,2
90119,2
90120,2
90121,2
90122,2
90123,2
90124,2
90125,2
90126,2
90127,2
90128,2
90129,2
90130,2
90131,2
90132,2
90133,2
90134,2
90135,2
90136,2
90137,2
90138,2
90139,2
90140,2
90141,2
90142,2
90143,2
90144,2
90145,2
90146,2
90147,2
90148,2
90149,2
90150,2
90151,2
90152,2
90153,2
90154,2
90155,2
90156,2
90157,2
90158,2
90159,2
90160,2
90161,2
90162,2
90163,2
90164,2
90165,2
90166,2
90167,2
90168,2
90169,2
90170,2
90171,2
90172,2
90173,2
90174,2
90175,2
90176,2
90177,2
90178,2
90179,2
90180,2
90181,2
90182,2
90183,2
90184,2
90185,2
90186,2
90187,2
90188,2
90189,2
90190,2
90191,2
90192,2
90193,2
90194,2
90195,2
90196,2
90197,2
90198,2
90199,2
90200,2
90201,2
90202,2
90203,2
90204,2
90205,2
90206,2
90207,2
90208,2
90209,2
90210,2
90211,2
90212,2
90213,2
90214,2
90215,2
90216,2
90217,2
90218,1
90219,2
90220,2
90221,2
90222,2
90223,2
90224,2
90225,2
90226,2
90227,2
90228,2
90229,2
90230,2
90231,2
90232,2
90233,2
90234,2
90235,2
90236,2
90237,2
90238,2
90239,2
90240,2
90241,2
90242,2
90243,2
90244,2
90245,2
90246,2
90247,2
90248,2
90249,2
90250,2
90251,2
90252,2
90253,2
90254,2
90255,2
90256,2
90257,2
90258,2
90259,2
90260,2
90261,2
90262,2
90263,2
90264,2
90265,2
90266,2
90267,2
90268,2
90269,2
90270,2
90271,2
90272,2
90273,2
90274,2
90275,2
90276,2
90277,2
90278,2
90279,2
90280,2
90281,2
90282,2
90283,2
90284,2
90285,2
90286,2
90287,2
90288,2
90289,2
90290,2
90291,2
90292,2
90293,2
90294,2
90295,2
90296,2
90297,2
90298,2
90299,2
90300,2
90301,2
90302,2
90303,2
90304,2
90305,2
90306,2
90307,2
90308,2
90309,2
90310,2
90311,2
90312,2
90313,2
90314,2
90315,2
90316,2
90317,2
90318,2
90319,2
90320,2
90321,2
90322,2
90323,2
90324,2
90325,2
90326,2
90327,2
90328,2
90329,2
90330,0
90331,2
90332,2
90333,2
90334,2
90335,2
90336,2
90337,2
90338,2
90339,2
90340,2
90341,2
90342,2
90343,2
90344,2
90345,2
90346,2
90347,2
90348,2
90349,2
90350,2
90351,2
90352,2
90353,2
90354,2
90355,2
90356,2
90357,2
90358,2
90359,2
90360,2
90361,2
90362,2
90363,2
90364,2
90365,2
90366,2
90367,2
90368,2
90369,2
90370,2
90371,2
90372,2
90373,2
90374,2
90375,2
90376,2
90377,2
90378,2
90379,2
90380,2
90381,2
90382,2
90383,2
90384,2
90385,2
90386,2
90387,2
90388,2
90389,2
90390,2
90391,2
90392,2
90393,2
90394,2
90395,2
90396,2
90397,2
90398,2
90399,2
90400,2
90401,2
90402,2
90403,2
90404,2
90405,2
90406,2
90407,2
90408,2
90409,2
90410,2
90411,2
90412,2
90413,2
90414,2
90415,2
90416,2
90417,2
90418,2
90419,2
90420,2
90421,2
90422,2
90423,2
90424,2
90425,2
90426,2
90427,2
90428,0
90429,2
90430,2
90431,0
90432,2
90433,2
90434,2
90435,2
90436,2
90437,2
90438,2
90439,2
90440,2
90441,2
90442,2
90443,2
90444,2
90445,2
90446,2
90447,2
90448,2
90449,2
90450,2
90451,2
90452,2
90453,2
90454,2
90455,2
90456,2
90457,2
90458,2
90459,2
90460,2
90461,2
90462,2
90463,2
90464,2
90465,2
90466,2
90467,2
90468,2
90469,2
90470,2
90471,2
90472,2
90473,2
90474,2
90475,2
90476,2
90477,2
90478,2
90479,2
90480,2
90481,2
90482,2
90483,2
90484,2
90485,2
90486,2
90487,2
90488,2
90489,2
90490,2
90491,2
90492,2
90493,2
90494,2
90495,2
90496,2
90497,2
90498,2
90499,2
90500,2
90501,2
90502,2
90503,2
90504,2
90505,2
90506,2
90507,2
90508,2
90509,2
90510,2
90511,2
90512,2
90513,2
90514,2
90515,2
90516,2
90517,2
90518,2
90519,2
90520,2
90521,2
90522,2
90523,2
90524,2
90525,2
90526,2
90527,2
90528,2
90529,2
90530,2
90531,2
90532,2
90533,2
90534,2
90535,2
90536,2
90537,2
90538,2
90539,2
90540,2
90541,2
90542,2
90543,2
90544,2
90545,2
90546,2
90547,2
90548,2
90549,2
90550,2
90551,2
90552,2
90553,2
90554,2
90555,2
90556,2
90557,2
90558,2
90559,2
90560,2
90561,2
90562,2
90563,2
90564,2
90565,2
90566,2
90567,2
90568,2
90569,2
90570,2
90571,2
90572,2
90573,2
90574,2
90575,2
90576,2
90577,2
90578,2
90579,2
90580,2
90581,2
90582,2
90583,2
90584,2
90585,2
90586,2
90587,2
90588,2
90589,2
90590,2
90591,2
90592,2
90593,2
90594,2
90595,2
90596,2
90597,2
90598,2
90599,2
90600,2
90601,2
90602,2
90603,2
90604,2
90605,2
90606,2
90607,2
90608,2
90609,2
90610,2
90611,2
90612,2
90613,2
90614,2
90615,2
90616,2
90617,2
90618,2
90619,2
90620,2
90621,2
90622,2
90623,2
90624,2
90625,2
90626,2
90627,2
90628,2
90629,2
90630,2
90631,2
90632,2
90633,2
90634,2
90635,2
90636,2
90637,2
90638,2
90639,2
90640,2
90641,2
90642,2
90643,2
90644,2
90645,2
90646,2
90647,2
90648,2
90649,2
90650,2
90651,2
90652,2
90653,2
90654,2
90655,2
90656,2
90657,2
90658,2
90659,2
90660,2
90661,2
90662,2
90663,2
90664,2
90665,2
90666,2
90667,2
90668,2
90669,2
90670,1
90671,2
90672,2
90673,2
90674,2
90675,2
90676,2
90677,2
90678,1
90679,2
90680,2
90681,2
90682,2
90683,2
90684,2
90685,1
90686,2
90687,2
90688,2
90689,2
90690,2
90691,2
90692,2
90693,2
90694,2
90695,2
90696,2
90697,2
90698,2
90699,2
90700,2
90701,2
90702,2
90703,2
90704,2
90705,2
90706,2
90707,2
90708,2
90709,2
90710,2
90711,2
90712,2
90713,2
90714,2
90715,2
90716,2
90717,2
90718,2
90719,2
90720,2
90721,2
90722,1
90723,2
90724,2
90725,2
90726,2
90727,2
90728,2
90729,2
90730,2
90731,2
90732,2
90733,2
90734,2
90735,2
90736,2
90737,2
90738,2
90739,2
90740,2
90741,2
90742,2
90743,2
90744,2
90745,2
90746,2
90747,2
90748,2
90749,2
90750,2
90751,2
90752,2
90753,2
90754,2
90755,2
90756,2
90757,2
90758,2
90759,2
90760,2
90761,2
90762,2
90763,2
90764,2
90765,2
90766,2
90767,2
90768,2
90769,2
90770,2
90771,2
90772,2
90773,2
90774,2
90775,2
90776,2
90777,2
90778,2
90779,2
90780,2
90781,2
90782,2
90783,2
90784,2
90785,2
90786,2
90787,2
90788,2
90789,2
90790,2
90791,2
90792,2
90793,2
90794,2
90795,2
90796,2
90797,2
90798,2
90799,2
90800,2
90801,2
90802,2
90803,2
90804,2
90805,2
90806,2
90807,2
90808,2
90809,2
90810,2
90811,2
90812,2
90813,2
90814,2
90815,2
90816,2
90817,2
90818,2
90819,2
90820,2
90821,2
90822,2
90823,2
90824,2
90825,2
90826,2
90827,2
90828,2
90829,2
90830,2
90831,2
90832,2
90833,2
90834,2
90835,2
90836,2
90837,2
90838,2
90839,2
90840,2
90841,2
90842,2
90843,2
90844,2
90845,2
90846,2
90847,2
90848,2
90849,2
90850,2
90851,2
90852,2
90853,2
90854,2
90855,2
90856,2
90857,2
90858,2
90859,2
90860,2
90861,2
90862,2
90863,2
90864,2
90865,2
90866,2
90867,2
90868,2
90869,2
90870,2
90871,2
90872,2
90873,2
90874,2
90875,2
90876,2
90877,2
90878,2
90879,2
90880,2
90881,2
90882,2
90883,2
90884,2
90885,2
90886,1
90887,2
90888,2
90889,2
90890,2
90891,2
90892,2
90893,2
90894,2
90895,2
90896,2
90897,2
90898,2
90899,2
90900,2
90901,2
90902,2
90903,2
90904,2
90905,2
90906,2
90907,2
90908,2
90909,2
90910,2
90911,2
90912,2
90913,2
90914,2
90915,2
90916,2
90917,2
90918,2
90919,2
90920,2
90921,2
90922,2
90923,2
90924,2
90925,2
90926,2
90927,2
90928,2
90929,2
90930,2
90931,2
90932,2
90933,2
90934,2
90935,2
90936,2
90937,2
90938,2
90939,2
90940,2
90941,2
90942,2
90943,2
90944,2
90945,2
90946,2
90947,2
90948,2
90949,1
90950,2
90951,2
90952,2
90953,2
90954,2
90955,2
90956,2
90957,2
90958,1
90959,2
90960,2
90961,2
90962,2
90963,2
90964,2
90965,2
90966,2
90967,2
90968,2
90969,2
90970,2
90971,2
90972,2
90973,2
90974,2
90975,2
90976,2
90977,2
90978,2
90979,2
90980,2
90981,2
90982,2
90983,2
90984,2
90985,2
90986,2
90987,2
90988,2
90989,2
90990,2
90991,2
90992,2
90993,2
90994,2
90995,2
90996,2
90997,2
90998,2
90999,2
91000,2
91001,2
91002,2
91003,2
91004,2
91005,2
91006,2
91007,2
91008,2
91009,2
91010,2
91011,2
91012,2
91013,2
91014,2
91015,2
91016,2
91017,2
91018,2
91019,2
91020,2
91021,2
91022,2
91023,2
91024,2
91025,2
91026,2
91027,2
91028,2
91029,2
91030,2
91031,2
91032,2
91033,2
91034,2
91035,2
91036,2
91037,2
91038,2
91039,2
91040,2
91041,2
91042,2
91043,2
91044,2
91045,2
91046,2
91047,2
91048,2
91049,2
91050,2
91051,2
91052,2
91053,2
91054,2
91055,2
91056,2
91057,2
91058,2
91059,2
91060,2
91061,2
91062,2
91063,2
91064,2
91065,2
91066,2
91067,2
91068,2
91069,2
91070,2
91071,2
91072,2
91073,2
91074,2
91075,2
91076,2
91077,2
91078,2
91079,2
91080,2
91081,2
91082,2
91083,2
91084,2
91085,2
91086,2
91087,2
91088,2
91089,2
91090,2
91091,2
91092,2
91093,2
91094,2
91095,2
91096,2
91097,2
91098,2
91099,2
91100,2
91101,2
91102,2
91103,2
91104,2
91105,2
91106,2
91107,2
91108,2
91109,2
91110,2
91111,2
91112,2
91113,2
91114,2
91115,2
91116,2
91117,2
91118,2
91119,2
91120,2
91121,2
91122,2
91123,2
91124,2
91125,2
91126,2
91127,2
91128,2
91129,2
91130,2
91131,2
91132,2
91133,2
91134,2
91135,2
91136,2
91137,2
91138,2
91139,2
91140,2
91141,2
91142,2
91143,2
91144,2
91145,2
91146,2
91147,2
91148,2
91149,2
91150,2
91151,2
91152,2
91153,2
91154,2
91155,2
91156,2
91157,2
91158,2
91159,2
91160,2
91161,2
91162,2
91163,2
91164,2
91165,2
91166,2
91167,2
91168,2
91169,2
91170,2
91171,2
91172,2
91173,2
91174,2
91175,2
91176,2
91177,2
91178,2
91179,2
91180,2
91181,2
91182,2
91183,2
91184,2
91185,2
91186,2
91187,2
91188,2
91189,2
91190,2
91191,2
91192,2
91193,2
91194,2
91195,2
91196,2
91197,2
91198,2
91199,2
91200,2
91201,2
91202,2
91203,2
91204,2
91205,2
91206,2
91207,2
91208,2
91209,2
91210,2
91211,2
91212,2
91213,2
91214,2
91215,2
91216,2
91217,2
91218,2
91219,2
91220,2
91221,2
91222,2
91223,2
91224,2
91225,2
91226,2
91227,2
91228,2
91229,2
91230,2
91231,2
91232,2
91233,2
91234,2
91235,2
91236,2
91237,2
91238,2
91239,2
91240,2
91241,2
91242,2
91243,2
91244,2
91245,2
91246,2
91247,2
91248,2
91249,2
91250,2
91251,2
91252,2
91253,2
91254,2
91255,2
91256,2
91257,2
91258,2
91259,2
91260,2
91261,2
91262,2
91263,2
91264,2
91265,2
91266,2
91267,2
91268,1
91269,2
91270,2
91271,2
91272,1
91273,2
91274,2
91275,2
91276,2
91277,2
91278,2
91279,2
91280,2
91281,2
91282,2
91283,2
91284,2
91285,2
91286,2
91287,2
91288,2
91289,2
91290,2
91291,2
91292,2
91293,2
91294,1
91295,2
91296,2
91297,2
91298,2
91299,2
91300,2
91301,2
91302,2
91303,2
91304,0
91305,2
91306,1
91307,2
91308,2
91309,2
91310,2
91311,2
91312,2
91313,1
91314,1
91315,2
91316,2
91317,2
91318,2
91319,1
91320,1
91321,2
91322,2
91323,2
91324,2
91325,1
91326,2
91327,2
91328,2
91329,2
91330,2
91331,1
91332,2
91333,2
91334,2
91335,2
91336,2
91337,2
91338,2
91339,2
91340,2
91341,0
91342,2
91343,2
91344,2
91345,0
91346,2
91347,2
91348,0
91349,2
91350,2
91351,2
91352,2
91353,2
91354,2
91355,1
91356,2
91357,2
91358,2
91359,2
91360,2
91361,1
91362,1
91363,2
91364,2
91365,2
91366,2
91367,2
91368,2
91369,2
91370,1
91371,2
91372,2
91373,2
91374,2
91375,1
91376,2
91377,1
91378,2
91379,2
91380,2
91381,2
91382,2
91383,2
91384,2
91385,2
91386,2
91387,2
91388,2
91389,2
91390,2
91391,2
91392,2
91393,2
91394,1
91395,2
91396,2
91397,2
91398,2
91399,2
91400,2
91401,2
91402,1
91403,2
91404,2
91405,1
91406,1
91407,2
91408,1
91409,1
91410,1
91411,1
91412,2
91413,2
91414,1
91415,2
91416,2
91417,2
91418,2
91419,2
91420,2
91421,2
91422,1
91423,2
91424,2
91425,2
91426,2
91427,2
91428,1
91429,2
91430,1
91431,2
91432,1
91433,2
91434,2
91435,1
91436,1
91437,2
91438,2
91439,2
91440,2
91441,1
91442,2
91443,1
91444,2
91445,1
91446,2
91447,2
91448,1
91449,1
91450,1
91451,2
91452,1
91453,1
91454,2
91455,2
91456,1
91457,2
91458,1
91459,0
91460,1
91461,2
91462,2
91463,2
91464,2
91465,1
91466,2
91467,2
91468,2
91469,2
91470,1
91471,1
91472,1
91473,2
91474,1
91475,2
91476,2
91477,1
91478,2
91479,2
91480,2
91481,2
91482,1
91483,2
91484,2
91485,1
91486,1
91487,2
91488,1
91489,2
91490,2
91491,2
91492,2
91493,2
91494,1
91495,2
91496,2
91497,1
91498,1
91499,2
91500,2
91501,1
91502,1
91503,2
91504,1
91505,1
91506,2
91507,2
91508,2
91509,2
91510,1
91511,0
91512,1
91513,2
91514,1
91515,2
91516,2
91517,2
91518,2
91519,2
91520,2
91521,2
91522,2
91523,2
91524,2
91525,2
91526,2
91527,2
91528,2
91529,2
91530,2
91531,2
91532,2
91533,2
91534,2
91535,2
91536,2
91537,2
91538,2
91539,2
91540,2
91541,2
91542,2
91543,2
91544,2
91545,2
91546,2
91547,2
91548,2
91549,2
91550,2
91551,2
91552,2
91553,2
91554,2
91555,2
91556,2
91557,2
91558,2
91559,2
91560,2
91561,2
91562,2
91563,2
91564,2
91565,2
91566,2
91567,2
91568,2
91569,2
91570,2
91571,2
91572,2
91573,2
91574,2
91575,2
91576,2
91577,2
91578,2
91579,2
91580,2
91581,2
91582,2
91583,2
91584,2
91585,2
91586,2
91587,2
91588,2
91589,2
91590,2
91591,2
91592,2
91593,2
91594,2
91595,2
91596,2
91597,2
91598,2
91599,2
91600,2
91601,2
91602,2
91603,2
91604,2
91605,2
91606,2
91607,2
91608,2
91609,2
91610,2
91611,2
91612,2
91613,2
91614,2
91615,2
91616,2
91617,2
91618,2
91619,2
91620,2
91621,2
91622,2
91623,2
91624,2
91625,2
91626,2
91627,2
91628,2
91629,2
91630,2
91631,2
91632,2
91633,2
91634,2
91635,2
91636,2
91637,2
91638,2
91639,2
91640,2
91641,2
91642,2
91643,2
91644,2
91645,2
91646,2
91647,2
91648,2
91649,2
91650,2
91651,2
91652,2
91653,2
91654,2
91655,2
91656,2
91657,2
91658,2
91659,2
91660,2
91661,2
91662,2
91663,2
91664,2
91665,2
91666,2
91667,2
91668,2
91669,2
91670,2
91671,2
91672,2
91673,2
91674,2
91675,2
91676,2
91677,2
91678,2
91679,2
91680,2
91681,2
91682,2
91683,2
91684,2
91685,0
91686,2
91687,2
91688,1
91689,2
91690,2
91691,2
91692,2
91693,2
91694,2
91695,2
91696,2
91697,1
91698,2
91699,2
91700,2
91701,2
91702,2
91703,2
91704,2
91705,1
91706,2
91707,2
91708,2
91709,2
91710,2
91711,0
91712,2
91713,2
91714,2
91715,1
91716,2
91717,2
91718,2
91719,2
91720,2
91721,2
91722,0
91723,2
91724,2
91725,2
91726,2
91727,2
91728,1
91729,2
91730,2
91731,2
91732,2
91733,2
91734,2
91735,0
91736,2
91737,2
91738,2
91739,2
91740,0
91741,2
91742,2
91743,0
91744,2
91745,2
91746,2
91747,2
91748,2
91749,2
91750,2
91751,2
91752,2
91753,2
91754,1
91755,2
91756,2
91757,2
91758,2
91759,0
91760,2
91761,2
91762,2
91763,2
91764,2
91765,2
91766,2
91767,2
91768,2
91769,2
91770,2
91771,2
91772,2
91773,2
91774,2
91775,2
91776,2
91777,2
91778,2
91779,0
91780,2
91781,2
91782,2
91783,2
91784,2
91785,2
91786,2
91787,2
91788,2
91789,2
91790,2
91791,2
91792,2
91793,1
91794,2
91795,1
91796,2
91797,2
91798,2
91799,2
91800,2
91801,0
91802,2
91803,2
91804,2
91805,0
91806,2
91807,2
91808,2
91809,2
91810,2
91811,2
91812,2
91813,2
91814,1
91815,2
91816,2
91817,2
91818,2
91819,2
91820,2
91821,2
91822,2
91823,2
91824,2
91825,2
91826,2
91827,2
91828,2
91829,2
91830,2
91831,2
91832,2
91833,2
91834,2
91835,2
91836,2
91837,2
91838,2
91839,2
91840,2
91841,2
91842,2
91843,2
91844,2
91845,1
91846,2
91847,2
91848,2
91849,2
91850,2
91851,2
91852,2
91853,2
91854,2
91855,2
91856,0
91857,2
91858,2
91859,2
91860,2
91861,2
91862,2
91863,2
91864,2
91865,2
91866,2
91867,2
91868,2
91869,2
91870,2
91871,2
91872,2
91873,2
91874,2
91875,2
91876,2
91877,2
91878,2
91879,1
91880,2
91881,2
91882,2
91883,2
91884,2
91885,2
91886,2
91887,2
91888,2
91889,2
91890,2
91891,2
91892,2
91893,2
91894,2
91895,2
91896,2
91897,2
91898,2
91899,2
91900,2
91901,2
91902,2
91903,2
91904,2
91905,2
91906,2
91907,2
91908,2
91909,2
91910,2
91911,2
91912,2
91913,2
91914,2
91915,2
91916,2
91917,1
91918,2
91919,2
91920,2
91921,2
91922,2
91923,2
91924,2
91925,2
91926,2
91927,2
91928,2
91929,2
91930,2
91931,2
91932,2
91933,2
91934,2
91935,2
91936,2
91937,2
91938,2
91939,1
91940,2
91941,2
91942,2
91943,2
91944,2
91945,2
91946,0
91947,2
91948,0
91949,2
91950,0
91951,2
91952,2
91953,2
91954,2
91955,2
91956,2
91957,0
91958,2
91959,2
91960,2
91961,0
91962,0
91963,2
91964,2
91965,2
91966,2
91967,2
91968,2
91969,2
91970,2
91971,2
91972,1
91973,2
91974,2
91975,2
91976,1
91977,2
91978,2
91979,2
91980,2
91981,2
91982,2
91983,2
91984,2
91985,0
91986,2
91987,2
91988,2
91989,2
91990,2
91991,2
91992,2
91993,2
91994,1
91995,2
91996,2
91997,2
91998,1
91999,2
92000,2
92001,2
92002,2
92003,2
92004,2
92005,2
92006,0
92007,0
92008,2
92009,2
92010,0
92011,2
92012,2
92013,2
92014,2
92015,2
92016,1
92017,2
92018,2
92019,2
92020,2
92021,2
92022,2
92023,2
92024,2
92025,2
92026,2
92027,2
92028,2
92029,2
92030,2
92031,2
92032,2
92033,2
92034,2
92035,2
92036,2
92037,2
92038,2
92039,2
92040,2
92041,2
92042,2
92043,2
92044,2
92045,2
92046,2
92047,2
92048,2
92049,2
92050,2
92051,2
92052,2
92053,2
92054,2
92055,2
92056,2
92057,2
92058,2
92059,2
92060,2
92061,2
92062,2
92063,2
92064,2
92065,2
92066,2
92067,2
92068,2
92069,2
92070,2
92071,2
92072,2
92073,2
92074,2
92075,2
92076,2
92077,2
92078,2
92079,2
92080,2
92081,2
92082,2
92083,2
92084,2
92085,2
92086,2
92087,2
92088,2
92089,2
92090,1
92091,2
92092,2
92093,2
92094,2
92095,2
92096,2
92097,2
92098,2
92099,2
92100,2
92101,2
92102,2
92103,2
92104,2
92105,2
92106,2
92107,2
92108,2
92109,2
92110,2
92111,2
92112,2
92113,2
92114,2
92115,2
92116,2
92117,2
92118,2
92119,2
92120,2
92121,2
92122,2
92123,2
92124,2
92125,2
92126,2
92127,2
92128,2
92129,2
92130,2
92131,2
92132,2
92133,2
92134,2
92135,2
92136,2
92137,2
92138,2
92139,2
92140,2
92141,2
92142,2
92143,1
92144,2
92145,2
92146,2
92147,2
92148,2
92149,2
92150,2
92151,2
92152,2
92153,0
92154,2
92155,2
92156,2
92157,2
92158,2
92159,2
92160,2
92161,2
92162,2
92163,2
92164,2
92165,2
92166,2
92167,2
92168,2
92169,2
92170,2
92171,2
92172,2
92173,2
92174,2
92175,2
92176,2
92177,2
92178,2
92179,2
92180,2
92181,2
92182,2
92183,2
92184,2
92185,2
92186,2
92187,2
92188,2
92189,2
92190,0
92191,2
92192,2
92193,2
92194,2
92195,2
92196,2
92197,2
92198,2
92199,2
92200,2
92201,2
92202,2
92203,2
92204,2
92205,2
92206,2
92207,2
92208,2
92209,2
92210,2
92211,2
92212,2
92213,2
92214,2
92215,2
92216,2
92217,2
92218,1
92219,1
92220,2
92221,2
92222,2
92223,1
92224,2
92225,2
92226,2
92227,2
92228,2
92229,2
92230,2
92231,2
92232,2
92233,2
92234,2
92235,2
92236,2
92237,2
92238,2
92239,2
92240,2
92241,2
92242,2
92243,2
92244,2
92245,2
92246,2
92247,2
92248,2
92249,2
92250,2
92251,2
92252,2
92253,2
92254,2
92255,2
92256,2
92257,2
92258,2
92259,2
92260,2
92261,2
92262,2
92263,2
92264,2
92265,2
92266,2
92267,2
92268,2
92269,2
92270,2
92271,2
92272,2
92273,2
92274,2
92275,2
92276,2
92277,2
92278,2
92279,2
92280,2
92281,2
92282,2
92283,2
92284,2
92285,2
92286,2
92287,2
92288,2
92289,2
92290,2
92291,2
92292,2
92293,2
92294,2
92295,2
92296,2
92297,2
92298,2
92299,2
92300,2
92301,2
92302,2
92303,2
92304,2
92305,2
92306,2
92307,2
92308,2
92309,2
92310,2
92311,2
92312,2
92313,2
92314,2
92315,2
92316,2
92317,2
92318,2
92319,2
92320,2
92321,2
92322,2
92323,1
92324,2
92325,2
92326,2
92327,2
92328,2
92329,2
92330,2
92331,2
92332,2
92333,2
92334,2
92335,2
92336,2
92337,2
92338,2
92339,2
92340,2
92341,2
92342,2
92343,2
92344,2
92345,2
92346,2
92347,2
92348,2
92349,2
92350,2
92351,2
92352,2
92353,2
92354,2
92355,2
92356,2
92357,2
92358,2
92359,2
92360,2
92361,2
92362,2
92363,2
92364,2
92365,2
92366,2
92367,2
92368,2
92369,2
92370,2
92371,0
92372,2
92373,2
92374,2
92375,2
92376,2
92377,2
92378,2
92379,2
92380,2
92381,2
92382,2
92383,2
92384,2
92385,2
92386,2
92387,2
92388,2
92389,2
92390,2
92391,2
92392,2
92393,2
92394,2
92395,2
92396,2
92397,2
92398,2
92399,2
92400,2
92401,2
92402,2
92403,2
92404,2
92405,2
92406,2
92407,2
92408,1
92409,2
92410,2
92411,2
92412,2
92413,2
92414,2
92415,2
92416,2
92417,2
92418,2
92419,2
92420,2
92421,2
92422,2
92423,2
92424,2
92425,2
92426,2
92427,2
92428,2
92429,2
92430,2
92431,2
92432,2
92433,2
92434,2
92435,2
92436,2
92437,2
92438,2
92439,2
92440,2
92441,2
92442,2
92443,2
92444,2
92445,2
92446,2
92447,2
92448,2
92449,2
92450,2
92451,2
92452,2
92453,2
92454,2
92455,2
92456,2
92457,2
92458,2
92459,2
92460,2
92461,2
92462,2
92463,2
92464,2
92465,2
92466,2
92467,2
92468,2
92469,2
92470,2
92471,2
92472,2
92473,2
92474,2
92475,2
92476,2
92477,2
92478,2
92479,2
92480,2
92481,2
92482,2
92483,2
92484,2
92485,2
92486,2
92487,2
92488,2
92489,2
92490,2
92491,2
92492,2
92493,2
92494,2
92495,2
92496,2
92497,2
92498,2
92499,2
92500,2
92501,2
92502,2
92503,1
92504,2
92505,2
92506,2
92507,2
92508,2
92509,2
92510,2
92511,2
92512,1
92513,2
92514,2
92515,2
92516,2
92517,2
92518,2
92519,2
92520,2
92521,2
92522,2
92523,2
92524,2
92525,2
92526,2
92527,2
92528,2
92529,2
92530,2
92531,2
92532,2
92533,2
92534,2
92535,2
92536,2
92537,2
92538,2
92539,2
92540,2
92541,2
92542,2
92543,2
92544,2
92545,2
92546,2
92547,2
92548,2
92549,2
92550,2
92551,2
92552,2
92553,2
92554,2
92555,2
92556,2
92557,2
92558,2
92559,2
92560,2
92561,2
92562,2
92563,2
92564,2
92565,2
92566,2
92567,2
92568,2
92569,2
92570,2
92571,2
92572,2
92573,2
92574,2
92575,2
92576,2
92577,2
92578,2
92579,2
92580,2
92581,2
92582,2
92583,2
92584,2
92585,2
92586,2
92587,2
92588,2
92589,1
92590,2
92591,2
92592,2
92593,2
92594,2
92595,2
92596,2
92597,2
92598,2
92599,2
92600,2
92601,2
92602,2
92603,2
92604,2
92605,2
92606,2
92607,2
92608,2
92609,2
92610,2
92611,2
92612,2
92613,2
92614,2
92615,2
92616,2
92617,2
92618,2
92619,2
92620,2
92621,1
92622,2
92623,2
92624,2
92625,2
92626,2
92627,2
92628,2
92629,2
92630,2
92631,2
92632,2
92633,2
92634,2
92635,2
92636,2
92637,2
92638,2
92639,2
92640,2
92641,2
92642,2
92643,2
92644,2
92645,2
92646,2
92647,2
92648,2
92649,2
92650,2
92651,0
92652,2
92653,2
92654,2
92655,2
92656,1
92657,2
92658,1
92659,2
92660,2
92661,2
92662,2
92663,2
92664,2
92665,2
92666,2
92667,2
92668,2
92669,2
92670,2
92671,2
92672,2
92673,2
92674,2
92675,2
92676,2
92677,2
92678,1
92679,2
92680,2
92681,2
92682,2
92683,2
92684,2
92685,2
92686,2
92687,2
92688,2
92689,2
92690,2
92691,2
92692,2
92693,2
92694,2
92695,2
92696,2
92697,2
92698,2
92699,2
92700,2
92701,2
92702,2
92703,2
92704,2
92705,2
92706,2
92707,2
92708,2
92709,2
92710,2
92711,2
92712,2
92713,2
92714,2
92715,2
92716,2
92717,1
92718,2
92719,2
92720,2
92721,2
92722,2
92723,2
92724,1
92725,2
92726,2
92727,2
92728,2
92729,2
92730,2
92731,2
92732,2
92733,2
92734,2
92735,2
92736,2
92737,2
92738,2
92739,2
92740,2
92741,2
92742,2
92743,2
92744,2
92745,2
92746,2
92747,2
92748,2
92749,2
92750,2
92751,2
92752,2
92753,2
92754,2
92755,2
92756,1
92757,2
92758,2
92759,2
92760,2
92761,2
92762,2
92763,2
92764,2
92765,2
92766,2
92767,2
92768,2
92769,2
92770,2
92771,2
92772,2
92773,2
92774,2
92775,2
92776,2
92777,2
92778,2
92779,2
92780,2
92781,2
92782,2
92783,2
92784,2
92785,2
92786,2
92787,2
92788,2
92789,2
92790,2
92791,2
92792,2
92793,2
92794,2
92795,2
92796,2
92797,2
92798,2
92799,2
92800,2
92801,2
92802,2
92803,2
92804,2
92805,2
92806,2
92807,2
92808,2
92809,2
92810,2
92811,2
92812,2
92813,2
92814,2
92815,2
92816,2
92817,2
92818,2
92819,2
92820,2
92821,2
92822,2
92823,2
92824,2
92825,2
92826,2
92827,2
92828,2
92829,2
92830,2
92831,2
92832,2
92833,2
92834,2
92835,2
92836,2
92837,2
92838,2
92839,2
92840,2
92841,2
92842,2
92843,2
92844,2
92845,2
92846,2
92847,2
92848,2
92849,2
92850,1
92851,2
92852,2
92853,2
92854,2
92855,2
92856,2
92857,2
92858,2
92859,2
92860,2
92861,2
92862,2
92863,2
92864,2
92865,2
92866,2
92867,2
92868,2
92869,2
92870,2
92871,2
92872,2
92873,2
92874,2
92875,2
92876,2
92877,2
92878,2
92879,2
92880,2
92881,2
92882,2
92883,2
92884,2
92885,2
92886,2
92887,2
92888,2
92889,2
92890,2
92891,2
92892,2
92893,2
92894,1
92895,2
92896,2
92897,2
92898,2
92899,2
92900,2
92901,2
92902,1
92903,2
92904,2
92905,2
92906,2
92907,2
92908,2
92909,2
92910,2
92911,2
92912,2
92913,2
92914,2
92915,2
92916,2
92917,2
92918,2
92919,2
92920,2
92921,2
92922,2
92923,2
92924,2
92925,2
92926,2
92927,2
92928,2
92929,2
92930,2
92931,2
92932,2
92933,2
92934,2
92935,2
92936,2
92937,2
92938,2
92939,2
92940,2
92941,2
92942,2
92943,2
92944,2
92945,2
92946,2
92947,2
92948,2
92949,2
92950,2
92951,2
92952,2
92953,2
92954,2
92955,2
92956,2
92957,2
92958,2
92959,2
92960,2
92961,2
92962,2
92963,2
92964,2
92965,2
92966,2
92967,2
92968,2
92969,2
92970,2
92971,2
92972,2
92973,2
92974,2
92975,2
92976,2
92977,2
92978,2
92979,2
92980,2
92981,2
92982,2
92983,2
92984,2
92985,2
92986,2
92987,2
92988,2
92989,2
92990,2
92991,2
92992,2
92993,2
92994,1
92995,2
92996,2
92997,2
92998,2
92999,2
93000,2
93001,2
93002,2
93003,2
93004,2
93005,1
93006,2
93007,2
93008,2
93009,2
93010,2
93011,2
93012,2
93013,2
93014,2
93015,2
93016,2
93017,2
93018,2
93019,2
93020,2
93021,2
93022,2
93023,2
93024,2
93025,2
93026,2
93027,2
93028,2
93029,2
93030,2
93031,2
93032,2
93033,2
93034,2
93035,2
93036,2
93037,2
93038,2
93039,1
93040,2
93041,2
93042,2
93043,2
93044,2
93045,2
93046,2
93047,2
93048,2
93049,2
93050,2
93051,2
93052,2
93053,2
93054,2
93055,2
93056,2
93057,2
93058,2
93059,2
93060,2
93061,2
93062,2
93063,2
93064,2
93065,2
93066,2
93067,2
93068,2
93069,2
93070,2
93071,2
93072,2
93073,2
93074,2
93075,2
93076,2
93077,2
93078,2
93079,2
93080,2
93081,2
93082,2
93083,2
93084,2
93085,2
93086,2
93087,2
93088,2
93089,2
93090,2
93091,2
93092,2
93093,2
93094,2
93095,2
93096,2
93097,2
93098,2
93099,2
93100,2
93101,2
93102,2
93103,2
93104,2
93105,2
93106,2
93107,2
93108,1
93109,2
93110,2
93111,2
93112,2
93113,2
93114,2
93115,2
93116,2
93117,2
93118,2
93119,2
93120,2
93121,2
93122,2
93123,2
93124,2
93125,2
93126,2
93127,2
93128,2
93129,2
93130,2
93131,2
93132,2
93133,2
93134,2
93135,2
93136,2
93137,2
93138,2
93139,2
93140,2
93141,1
93142,2
93143,2
93144,2
93145,2
93146,2
93147,2
93148,2
93149,2
93150,2
93151,2
93152,2
93153,2
93154,2
93155,2
93156,2
93157,2
93158,2
93159,2
93160,2
93161,2
93162,2
93163,2
93164,2
93165,2
93166,2
93167,2
93168,2
93169,2
93170,2
93171,2
93172,2
93173,2
93174,2
93175,2
93176,2
93177,2
93178,1
93179,2
93180,2
93181,2
93182,2
93183,2
93184,2
93185,2
93186,2
93187,2
93188,2
93189,2
93190,2
93191,2
93192,2
93193,2
93194,2
93195,2
93196,2
93197,2
93198,2
93199,2
93200,2
93201,2
93202,2
93203,2
93204,2
93205,2
93206,2
93207,2
93208,2
93209,2
93210,2
93211,2
93212,2
93213,2
93214,2
93215,2
93216,2
93217,2
93218,2
93219,2
93220,2
93221,2
93222,2
93223,2
93224,2
93225,2
93226,2
93227,2
93228,2
93229,2
93230,2
93231,2
93232,2
93233,2
93234,2
93235,2
93236,2
93237,2
93238,2
93239,2
93240,2
93241,2
93242,2
93243,2
93244,2
93245,2
93246,2
93247,2
93248,2
93249,2
93250,2
93251,2
93252,2
93253,2
93254,2
93255,1
93256,2
93257,2
93258,2
93259,2
93260,2
93261,2
93262,2
93263,2
93264,2
93265,2
93266,2
93267,2
93268,2
93269,2
93270,2
93271,2
93272,2
93273,2
93274,2
93275,2
93276,2
93277,2
93278,2
93279,2
93280,2
93281,2
93282,2
93283,2
93284,2
93285,2
93286,2
93287,2
93288,2
93289,2
93290,2
93291,2
93292,2
93293,2
93294,2
93295,2
93296,2
93297,2
93298,2
93299,2
93300,2
93301,2
93302,1
93303,2
93304,2
93305,2
93306,2
93307,2
93308,2
93309,2
93310,2
93311,2
93312,2
93313,2
93314,2
93315,2
93316,2
93317,2
93318,2
93319,2
93320,2
93321,2
93322,2
93323,2
93324,2
93325,2
93326,2
93327,2
93328,2
93329,2
93330,2
93331,2
93332,2
93333,2
93334,2
93335,2
93336,2
93337,2
93338,2
93339,2
93340,2
93341,2
93342,2
93343,2
93344,2
93345,2
93346,2
93347,2
93348,2
93349,2
93350,2
93351,2
93352,2
93353,2
93354,2
93355,2
93356,2
93357,2
93358,2
93359,2
93360,2
93361,2
93362,2
93363,2
93364,2
93365,2
93366,2
93367,2
93368,2
93369,2
93370,2
93371,2
93372,2
93373,2
93374,2
93375,2
93376,2
93377,2
93378,2
93379,2
93380,2
93381,2
93382,2
93383,2
93384,2
93385,2
93386,2
93387,1
93388,1
93389,2
93390,2
93391,2
93392,2
93393,2
93394,2
93395,0
93396,2
93397,2
93398,2
93399,2
93400,2
93401,2
93402,2
93403,2
93404,2
93405,2
93406,2
93407,2
93408,2
93409,2
93410,2
93411,2
93412,2
93413,1
93414,2
93415,2
93416,2
93417,2
93418,2
93419,2
93420,2
93421,2
93422,2
93423,2
93424,2
93425,2
93426,2
93427,2
93428,2
93429,2
93430,2
93431,1
93432,2
93433,2
93434,2
93435,2
93436,2
93437,2
93438,2
93439,1
93440,2
93441,2
93442,2
93443,2
93444,2
93445,2
93446,2
93447,2
93448,2
93449,2
93450,2
93451,2
93452,2
93453,2
93454,2
93455,2
93456,2
93457,2
93458,2
93459,2
93460,2
93461,2
93462,2
93463,2
93464,1
93465,2
93466,2
93467,2
93468,2
93469,2
93470,2
93471,2
93472,2
93473,2
93474,2
93475,2
93476,2
93477,1
93478,2
93479,2
93480,2
93481,2
93482,1
93483,2
93484,2
93485,2
93486,2
93487,2
93488,2
93489,2
93490,2
93491,2
93492,2
93493,2
93494,2
93495,2
93496,2
93497,2
93498,2
93499,2
93500,2
93501,2
93502,2
93503,2
93504,2
93505,2
93506,2
93507,2
93508,2
93509,2
93510,2
93511,2
93512,2
93513,2
93514,2
93515,2
93516,2
93517,2
93518,2
93519,2
93520,2
93521,2
93522,2
93523,2
93524,2
93525,2
93526,1
93527,2
93528,2
93529,2
93530,2
93531,2
93532,2
93533,2
93534,2
93535,2
93536,2
93537,2
93538,2
93539,2
93540,2
93541,2
93542,2
93543,2
93544,2
93545,2
93546,2
93547,2
93548,2
93549,2
93550,2
93551,2
93552,2
93553,2
93554,2
93555,2
93556,2
93557,2
93558,2
93559,2
93560,2
93561,2
93562,2
93563,2
93564,2
93565,2
93566,2
93567,2
93568,2
93569,2
93570,2
93571,2
93572,2
93573,2
93574,2
93575,1
93576,2
93577,2
93578,2
93579,2
93580,2
93581,2
93582,2
93583,2
93584,2
93585,2
93586,2
93587,2
93588,2
93589,2
93590,2
93591,2
93592,2
93593,2
93594,2
93595,2
93596,2
93597,2
93598,2
93599,2
93600,2
93601,2
93602,2
93603,2
93604,2
93605,2
93606,2
93607,1
93608,2
93609,1
93610,2
93611,2
93612,2
93613,2
93614,2
93615,2
93616,2
93617,2
93618,2
93619,2
93620,2
93621,2
93622,2
93623,2
93624,2
93625,2
93626,2
93627,2
93628,2
93629,2
93630,2
93631,2
93632,2
93633,2
93634,2
93635,2
93636,2
93637,2
93638,2
93639,2
93640,2
93641,2
93642,2
93643,2
93644,2
93645,2
93646,2
93647,2
93648,2
93649,2
93650,2
93651,2
93652,2
93653,1
93654,2
93655,2
93656,2
93657,2
93658,2
93659,2
93660,2
93661,2
93662,2
93663,2
93664,2
93665,2
93666,2
93667,2
93668,2
93669,2
93670,2
93671,2
93672,2
93673,2
93674,2
93675,2
93676,2
93677,2
93678,2
93679,2
93680,0
93681,2
93682,2
93683,2
93684,2
93685,2
93686,2
93687,2
93688,2
93689,2
93690,2
93691,2
93692,2
93693,2
93694,2
93695,2
93696,2
93697,0
93698,2
93699,2
93700,2
93701,2
93702,2
93703,2
93704,2
93705,2
93706,2
93707,2
93708,2
93709,2
93710,2
93711,2
93712,2
93713,1
93714,2
93715,2
93716,2
93717,2
93718,2
93719,2
93720,2
93721,2
93722,2
93723,2
93724,2
93725,2
93726,2
93727,1
93728,2
93729,2
93730,2
93731,2
93732,2
93733,2
93734,2
93735,2
93736,2
93737,2
93738,2
93739,2
93740,2
93741,2
93742,2
93743,2
93744,1
93745,2
93746,2
93747,2
93748,2
93749,2
93750,2
93751,2
93752,2
93753,2
93754,2
93755,2
93756,2
93757,2
93758,2
93759,2
93760,2
93761,2
93762,2
93763,2
93764,2
93765,2
93766,2
93767,2
93768,2
93769,2
93770,2
93771,2
93772,2
93773,2
93774,2
93775,2
93776,2
93777,2
93778,2
93779,2
93780,2
93781,2
93782,2
93783,2
93784,2
93785,2
93786,2
93787,2
93788,2
93789,2
93790,2
93791,2
93792,2
93793,2
93794,2
93795,2
93796,2
93797,2
93798,2
93799,2
93800,2
93801,2
93802,2
93803,2
93804,2
93805,2
93806,2
93807,2
93808,2
93809,2
93810,2
93811,2
93812,2
93813,2
93814,2
93815,2
93816,2
93817,2
93818,2
93819,2
93820,2
93821,2
93822,2
93823,2
93824,2
93825,2
93826,2
93827,2
93828,2
93829,2
93830,1
93831,2
93832,2
93833,2
93834,2
93835,2
93836,2
93837,2
93838,2
93839,2
93840,2
93841,2
93842,2
93843,2
93844,2
93845,2
93846,2
93847,2
93848,2
93849,2
93850,2
93851,2
93852,2
93853,2
93854,2
93855,2
93856,2
93857,2
93858,2
93859,2
93860,2
93861,2
93862,2
93863,2
93864,2
93865,2
93866,2
93867,2
93868,2
93869,2
93870,2
93871,2
93872,2
93873,2
93874,2
93875,2
93876,2
93877,2
93878,2
93879,2
93880,1
93881,2
93882,2
93883,2
93884,2
93885,2
93886,2
93887,2
93888,2
93889,2
93890,2
93891,2
93892,2
93893,2
93894,2
93895,2
93896,2
93897,2
93898,2
93899,2
93900,2
93901,2
93902,2
93903,2
93904,2
93905,2
93906,2
93907,2
93908,2
93909,2
93910,2
93911,2
93912,2
93913,2
93914,2
93915,2
93916,2
93917,2
93918,2
93919,2
93920,2
93921,2
93922,2
93923,2
93924,2
93925,2
93926,2
93927,2
93928,2
93929,2
93930,2
93931,2
93932,2
93933,2
93934,2
93935,2
93936,2
93937,2
93938,2
93939,2
93940,2
93941,2
93942,2
93943,2
93944,2
93945,2
93946,2
93947,2
93948,2
93949,2
93950,2
93951,2
93952,2
93953,2
93954,2
93955,2
93956,2
93957,2
93958,2
93959,2
93960,2
93961,2
93962,2
93963,2
93964,2
93965,2
93966,2
93967,2
93968,2
93969,2
93970,2
93971,2
93972,2
93973,2
93974,2
93975,2
93976,2
93977,2
93978,2
93979,2
93980,2
93981,2
93982,2
93983,2
93984,2
93985,2
93986,2
93987,2
93988,2
93989,2
93990,2
93991,2
93992,2
93993,2
93994,2
93995,2
93996,2
93997,2
93998,2
93999,2
94000,2
94001,2
94002,2
94003,2
94004,2
94005,2
94006,2
94007,2
94008,2
94009,2
94010,2
94011,2
94012,2
94013,2
94014,2
94015,2
94016,2
94017,2
94018,2
94019,2
94020,2
94021,2
94022,2
94023,2
94024,2
94025,2
94026,2
94027,2
94028,2
94029,1
94030,2
94031,2
94032,2
94033,2
94034,2
94035,2
94036,2
94037,2
94038,2
94039,2
94040,1
94041,2
94042,2
94043,2
94044,2
94045,2
94046,2
94047,2
94048,2
94049,2
94050,1
94051,2
94052,2
94053,2
94054,2
94055,2
94056,2
94057,2
94058,2
94059,2
94060,2
94061,2
94062,2
94063,2
94064,2
94065,2
94066,2
94067,2
94068,2
94069,2
94070,2
94071,2
94072,2
94073,2
94074,2
94075,2
94076,2
94077,2
94078,2
94079,2
94080,2
94081,2
94082,2
94083,2
94084,2
94085,2
94086,2
94087,2
94088,2
94089,2
94090,2
94091,1
94092,2
94093,2
94094,2
94095,2
94096,2
94097,2
94098,2
94099,2
94100,2
94101,2
94102,2
94103,2
94104,2
94105,2
94106,2
94107,2
94108,2
94109,2
94110,2
94111,2
94112,2
94113,2
94114,1
94115,2
94116,2
94117,2
94118,2
94119,2
94120,2
94121,2
94122,2
94123,2
94124,2
94125,2
94126,2
94127,2
94128,2
94129,2
94130,1
94131,2
94132,2
94133,2
94134,2
94135,2
94136,2
94137,2
94138,2
94139,2
94140,2
94141,2
94142,2
94143,2
94144,2
94145,2
94146,2
94147,2
94148,2
94149,2
94150,2
94151,2
94152,2
94153,2
94154,2
94155,2
94156,2
94157,2
94158,2
94159,2
94160,2
94161,2
94162,1
94163,2
94164,2
94165,2
94166,2
94167,2
94168,2
94169,2
94170,2
94171,2
94172,2
94173,2
94174,2
94175,2
94176,2
94177,2
94178,2
94179,2
94180,2
94181,2
94182,2
94183,2
94184,2
94185,2
94186,2
94187,2
94188,2
94189,2
94190,2
94191,2
94192,2
94193,2
94194,2
94195,2
94196,2
94197,2
94198,2
94199,2
94200,0
94201,2
94202,2
94203,2
94204,2
94205,2
94206,2
94207,2
94208,2
94209,2
94210,2
94211,2
94212,2
94213,2
94214,2
94215,2
94216,2
94217,2
94218,2
94219,2
94220,2
94221,2
94222,2
94223,2
94224,2
94225,2
94226,2
94227,2
94228,2
94229,2
94230,2
94231,2
94232,2
94233,2
94234,2
94235,2
94236,2
94237,2
94238,2
94239,2
94240,2
94241,2
94242,2
94243,2
94244,2
94245,2
94246,2
94247,2
94248,2
94249,2
94250,2
94251,2
94252,2
94253,2
94254,2
94255,2
94256,2
94257,2
94258,2
94259,2
94260,2
94261,2
94262,2
94263,2
94264,2
94265,2
94266,2
94267,2
94268,2
94269,2
94270,2
94271,2
94272,2
94273,2
94274,2
94275,2
94276,2
94277,2
94278,2
94279,2
94280,2
94281,2
94282,2
94283,2
94284,2
94285,2
94286,2
94287,2
94288,2
94289,2
94290,2
94291,2
94292,2
94293,2
94294,2
94295,2
94296,2
94297,2
94298,2
94299,2
94300,2
94301,2
94302,2
94303,2
94304,2
94305,2
94306,2
94307,2
94308,2
94309,2
94310,2
94311,2
94312,2
94313,2
94314,2
94315,2
94316,2
94317,2
94318,2
94319,2
94320,2
94321,2
94322,2
94323,2
94324,2
94325,2
94326,2
94327,2
94328,2
94329,2
94330,2
94331,2
94332,2
94333,2
94334,2
94335,2
94336,2
94337,2
94338,1
94339,2
94340,2
94341,2
94342,2
94343,2
94344,2
94345,2
94346,2
94347,2
94348,2
94349,2
94350,2
94351,2
94352,2
94353,2
94354,2
94355,2
94356,2
94357,2
94358,2
94359,2
94360,2
94361,2
94362,2
94363,2
94364,2
94365,2
94366,2
94367,2
94368,2
94369,2
94370,2
94371,2
94372,2
94373,2
94374,2
94375,2
94376,2
94377,2
94378,2
94379,2
94380,2
94381,2
94382,2
94383,1
94384,1
94385,2
94386,2
94387,2
94388,2
94389,2
94390,2
94391,2
94392,2
94393,2
94394,2
94395,2
94396,2
94397,2
94398,2
94399,2
94400,2
94401,2
94402,2
94403,2
94404,2
94405,2
94406,2
94407,2
94408,2
94409,2
94410,2
94411,2
94412,2
94413,2
94414,0
94415,2
94416,2
94417,2
94418,2
94419,2
94420,2
94421,2
94422,2
94423,2
94424,2
94425,2
94426,2
94427,2
94428,2
94429,2
94430,2
94431,2
94432,2
94433,2
94434,2
94435,2
94436,2
94437,2
94438,2
94439,2
94440,2
94441,2
94442,2
94443,2
94444,2
94445,2
94446,2
94447,2
94448,2
94449,2
94450,2
94451,2
94452,1
94453,2
94454,2
94455,2
94456,2
94457,2
94458,2
94459,2
94460,2
94461,2
94462,2
94463,2
94464,2
94465,2
94466,2
94467,2
94468,2
94469,2
94470,2
94471,2
94472,2
94473,2
94474,2
94475,2
94476,2
94477,2
94478,2
94479,2
94480,2
94481,2
94482,2
94483,2
94484,2
94485,2
94486,2
94487,2
94488,2
94489,2
94490,2
94491,2
94492,2
94493,2
94494,2
94495,2
94496,2
94497,2
94498,2
94499,2
94500,2
94501,2
94502,2
94503,2
94504,2
94505,2
94506,2
94507,2
94508,2
94509,2
94510,2
94511,1
94512,2
94513,1
94514,2
94515,2
94516,2
94517,2
94518,2
94519,2
94520,2
94521,2
94522,2
94523,2
94524,2
94525,2
94526,2
94527,2
94528,2
94529,2
94530,2
94531,2
94532,2
94533,2
94534,2
94535,2
94536,2
94537,2
94538,2
94539,2
94540,2
94541,2
94542,2
94543,2
94544,2
94545,2
94546,2
94547,2
94548,2
94549,2
94550,2
94551,2
94552,2
94553,2
94554,2
94555,2
94556,2
94557,2
94558,1
94559,2
94560,2
94561,2
94562,2
94563,2
94564,2
94565,2
94566,2
94567,2
94568,2
94569,1
94570,2
94571,2
94572,2
94573,2
94574,2
94575,2
94576,2
94577,2
94578,2
94579,1
94580,2
94581,2
94582,2
94583,2
94584,1
94585,2
94586,2
94587,2
94588,2
94589,2
94590,1
94591,2
94592,2
94593,2
94594,2
94595,2
94596,2
94597,2
94598,2
94599,2
94600,2
94601,2
94602,2
94603,2
94604,2
94605,2
94606,2
94607,2
94608,2
94609,2
94610,2
94611,2
94612,2
94613,2
94614,2
94615,2
94616,2
94617,2
94618,2
94619,2
94620,2
94621,2
94622,2
94623,2
94624,2
94625,2
94626,2
94627,2
94628,2
94629,2
94630,2
94631,2
94632,2
94633,2
94634,2
94635,2
94636,2
94637,2
94638,2
94639,2
94640,2
94641,2
94642,2
94643,2
94644,2
94645,2
94646,1
94647,2
94648,2
94649,2
94650,2
94651,2
94652,2
94653,2
94654,2
94655,2
94656,2
94657,2
94658,2
94659,2
94660,2
94661,2
94662,2
94663,2
94664,2
94665,2
94666,2
94667,2
94668,2
94669,2
94670,2
94671,2
94672,2
94673,2
94674,2
94675,2
94676,2
94677,2
94678,2
94679,2
94680,2
94681,2
94682,0
94683,2
94684,2
94685,2
94686,2
94687,2
94688,2
94689,2
94690,2
94691,2
94692,2
94693,2
94694,2
94695,2
94696,2
94697,2
94698,2
94699,2
94700,2
94701,2
94702,2
94703,2
94704,2
94705,2
94706,2
94707,2
94708,2
94709,2
94710,2
94711,2
94712,2
94713,2
94714,2
94715,2
94716,2
94717,2
94718,2
94719,2
94720,2
94721,2
94722,2
94723,2
94724,2
94725,2
94726,2
94727,2
94728,2
94729,2
94730,2
94731,2
94732,2
94733,2
94734,2
94735,2
94736,2
94737,2
94738,2
94739,2
94740,2
94741,2
94742,2
94743,2
94744,2
94745,2
94746,2
94747,2
94748,2
94749,2
94750,2
94751,2
94752,2
94753,2
94754,2
94755,2
94756,2
94757,2
94758,2
94759,2
94760,2
94761,2
94762,2
94763,2
94764,2
94765,2
94766,2
94767,2
94768,2
94769,2
94770,1
94771,2
94772,2
94773,2
94774,2
94775,2
94776,2
94777,2
94778,2
94779,2
94780,2
94781,2
94782,2
94783,2
94784,2
94785,2
94786,2
94787,2
94788,2
94789,2
94790,2
94791,2
94792,2
94793,2
94794,2
94795,2
94796,2
94797,2
94798,2
94799,2
94800,2
94801,2
94802,2
94803,2
94804,1
94805,2
94806,2
94807,2
94808,2
94809,2
94810,2
94811,2
94812,2
94813,2
94814,2
94815,2
94816,2
94817,2
94818,2
94819,2
94820,2
94821,2
94822,2
94823,2
94824,2
94825,2
94826,2
94827,2
94828,2
94829,2
94830,2
94831,2
94832,2
94833,2
94834,2
94835,2
94836,2
94837,2
94838,2
94839,2
94840,2
94841,2
94842,2
94843,2
94844,2
94845,2
94846,2
94847,2
94848,2
94849,2
94850,2
94851,2
94852,2
94853,2
94854,2
94855,2
94856,2
94857,2
94858,2
94859,2
94860,2
94861,2
94862,2
94863,2
94864,2
94865,2
94866,2
94867,2
94868,2
94869,2
94870,2
94871,2
94872,2
94873,2
94874,2
94875,2
94876,2
94877,2
94878,2
94879,2
94880,2
94881,2
94882,2
94883,2
94884,2
94885,2
94886,2
94887,2
94888,2
94889,2
94890,2
94891,2
94892,2
94893,2
94894,2
94895,2
94896,2
94897,2
94898,2
94899,2
94900,2
94901,2
94902,2
94903,2
94904,2
94905,2
94906,2
94907,2
94908,2
94909,2
94910,2
94911,2
94912,2
94913,2
94914,2
94915,2
94916,2
94917,2
94918,2
94919,2
94920,2
94921,2
94922,2
94923,2
94924,2
94925,2
94926,2
94927,2
94928,2
94929,2
94930,2
94931,2
94932,2
94933,2
94934,2
94935,2
94936,2
94937,2
94938,2
94939,2
94940,2
94941,2
94942,2
94943,2
94944,2
94945,2
94946,2
94947,2
94948,2
94949,2
94950,2
94951,2
94952,2
94953,2
94954,2
94955,2
94956,2
94957,2
94958,2
94959,2
94960,2
94961,2
94962,2
94963,2
94964,2
94965,2
94966,2
94967,2
94968,2
94969,2
94970,2
94971,2
94972,2
94973,2
94974,2
94975,2
94976,2
94977,2
94978,2
94979,2
94980,2
94981,2
94982,2
94983,2
94984,1
94985,2
94986,2
94987,2
94988,2
94989,2
94990,2
94991,2
94992,2
94993,2
94994,2
94995,2
94996,2
94997,2
94998,2
94999,2
95000,2
95001,2
95002,2
95003,2
95004,2
95005,2
95006,2
95007,2
95008,2
95009,2
95010,2
95011,2
95012,2
95013,2
95014,2
95015,2
95016,2
95017,2
95018,2
95019,2
95020,2
95021,2
95022,2
95023,2
95024,2
95025,2
95026,2
95027,2
95028,2
95029,2
95030,2
95031,2
95032,2
95033,2
95034,2
95035,2
95036,2
95037,2
95038,2
95039,2
95040,2
95041,2
95042,2
95043,2
95044,1
95045,2
95046,2
95047,2
95048,2
95049,2
95050,2
95051,2
95052,2
95053,2
95054,2
95055,2
95056,2
95057,2
95058,2
95059,2
95060,2
95061,2
95062,2
95063,2
95064,2
95065,2
95066,2
95067,2
95068,2
95069,2
95070,2
95071,2
95072,2
95073,2
95074,2
95075,2
95076,2
95077,2
95078,2
95079,2
95080,2
95081,2
95082,2
95083,2
95084,2
95085,2
95086,2
95087,2
95088,2
95089,2
95090,2
95091,2
95092,2
95093,2
95094,2
95095,2
95096,2
95097,2
95098,2
95099,2
95100,2
95101,2
95102,2
95103,2
95104,2
95105,2
95106,2
95107,2
95108,2
95109,2
95110,2
95111,2
95112,2
95113,2
95114,2
95115,2
95116,2
95117,2
95118,2
95119,2
95120,2
95121,2
95122,2
95123,2
95124,2
95125,2
95126,2
95127,2
95128,1
95129,2
95130,2
95131,2
95132,2
95133,2
95134,2
95135,2
95136,2
95137,2
95138,2
95139,2
95140,2
95141,2
95142,2
95143,2
95144,2
95145,2
95146,2
95147,2
95148,2
95149,2
95150,2
95151,2
95152,2
95153,2
95154,2
95155,2
95156,2
95157,2
95158,2
95159,2
95160,2
95161,2
95162,2
95163,2
95164,2
95165,2
95166,2
95167,2
95168,2
95169,2
95170,2
95171,2
95172,2
95173,2
95174,2
95175,2
95176,2
95177,2
95178,2
95179,2
95180,2
95181,2
95182,2
95183,2
95184,2
95185,2
95186,2
95187,2
95188,2
95189,2
95190,2
95191,2
95192,1
95193,2
95194,2
95195,2
95196,2
95197,2
95198,2
95199,2
95200,2
95201,2
95202,2
95203,2
95204,2
95205,2
95206,2
95207,2
95208,2
95209,2
95210,2
95211,2
95212,2
95213,2
95214,2
95215,2
95216,2
95217,2
95218,2
95219,2
95220,2
95221,2
95222,2
95223,2
95224,2
95225,2
95226,2
95227,2
95228,2
95229,2
95230,2
95231,2
95232,2
95233,2
95234,2
95235,2
95236,2
95237,2
95238,2
95239,2
95240,2
95241,2
95242,2
95243,2
95244,2
95245,2
95246,2
95247,2
95248,2
95249,2
95250,2
95251,2
95252,2
95253,2
95254,2
95255,2
95256,2
95257,2
95258,2
95259,2
95260,2
95261,2
95262,2
95263,2
95264,2
95265,2
95266,2
95267,2
95268,2
95269,2
95270,2
95271,2
95272,2
95273,2
95274,2
95275,2
95276,2
95277,2
95278,2
95279,2
95280,2
95281,2
95282,2
95283,2
95284,2
95285,2
95286,2
95287,2
95288,2
95289,2
95290,2
95291,2
95292,2
95293,2
95294,2
95295,2
95296,2
95297,2
95298,2
95299,2
95300,2
95301,2
95302,2
95303,2
95304,2
95305,2
95306,2
95307,2
95308,2
95309,2
95310,2
95311,2
95312,2
95313,2
95314,2
95315,2
95316,2
95317,2
95318,2
95319,2
95320,1
95321,2
95322,2
95323,2
95324,2
95325,2
95326,2
95327,2
95328,2
95329,2
95330,2
95331,2
95332,2
95333,2
95334,2
95335,2
95336,2
95337,1
95338,2
95339,2
95340,2
95341,2
95342,2
95343,1
95344,2
95345,2
95346,2
95347,2
95348,2
95349,2
95350,2
95351,1
95352,2
95353,2
95354,2
95355,2
95356,2
95357,2
95358,2
95359,2
95360,2
95361,2
95362,2
95363,2
95364,2
95365,2
95366,2
95367,2
95368,2
95369,2
95370,2
95371,2
95372,2
95373,2
95374,2
95375,2
95376,2
95377,2
95378,2
95379,2
95380,2
95381,2
95382,2
95383,2
95384,2
95385,2
95386,2
95387,2
95388,1
95389,2
95390,2
95391,2
95392,2
95393,1
95394,2
95395,2
95396,2
95397,2
95398,2
95399,2
95400,2
95401,2
95402,2
95403,2
95404,2
95405,2
95406,2
95407,2
95408,2
95409,2
95410,2
95411,2
95412,2
95413,2
95414,2
95415,2
95416,2
95417,2
95418,2
95419,2
95420,2
95421,2
95422,2
95423,2
95424,2
95425,2
95426,2
95427,2
95428,2
95429,2
95430,2
95431,2
95432,2
95433,2
95434,2
95435,2
95436,2
95437,2
95438,2
95439,2
95440,2
95441,2
95442,2
95443,2
95444,2
95445,2
95446,2
95447,2
95448,2
95449,2
95450,2
95451,2
95452,2
95453,2
95454,2
95455,1
95456,2
95457,2
95458,2
95459,2
95460,2
95461,2
95462,1
95463,2
95464,2
95465,2
95466,2
95467,2
95468,2
95469,2
95470,2
95471,2
95472,1
95473,2
95474,2
95475,2
95476,2
95477,2
95478,2
95479,2
95480,2
95481,2
95482,2
95483,2
95484,2
95485,2
95486,2
95487,2
95488,2
95489,2
95490,2
95491,1
95492,2
95493,2
95494,2
95495,2
95496,2
95497,2
95498,2
95499,2
95500,2
95501,2
95502,2
95503,2
95504,2
95505,2
95506,2
95507,2
95508,2
95509,2
95510,2
95511,2
95512,2
95513,2
95514,2
95515,2
95516,2
95517,2
95518,2
95519,2
95520,2
95521,2
95522,2
95523,2
95524,2
95525,2
95526,2
95527,2
95528,2
95529,2
95530,2
95531,2
95532,2
95533,2
95534,2
95535,2
95536,2
95537,2
95538,2
95539,2
95540,2
95541,2
95542,2
95543,2
95544,2
95545,2
95546,2
95547,2
95548,2
95549,2
95550,2
95551,2
95552,2
95553,2
95554,2
95555,2
95556,2
95557,2
95558,2
95559,2
95560,2
95561,2
95562,2
95563,2
95564,2
95565,2
95566,2
95567,2
95568,2
95569,2
95570,2
95571,2
95572,2
95573,2
95574,2
95575,2
95576,2
95577,2
95578,2
95579,2
95580,2
95581,2
95582,2
95583,2
95584,2
95585,2
95586,2
95587,2
95588,2
95589,2
95590,2
95591,2
95592,2
95593,2
95594,2
95595,2
95596,2
95597,2
95598,2
95599,2
95600,2
95601,2
95602,2
95603,2
95604,2
95605,2
95606,2
95607,2
95608,2
95609,2
95610,2
95611,2
95612,2
95613,2
95614,2
95615,2
95616,2
95617,2
95618,2
95619,2
95620,2
95621,2
95622,2
95623,2
95624,2
95625,2
95626,2
95627,2
95628,2
95629,2
95630,2
95631,2
95632,2
95633,2
95634,2
95635,2
95636,2
95637,2
95638,2
95639,2
95640,2
95641,2
95642,2
95643,2
95644,2
95645,2
95646,2
95647,2
95648,2
95649,2
95650,2
95651,2
95652,2
95653,2
95654,2
95655,2
95656,2
95657,2
95658,2
95659,2
95660,2
95661,2
95662,2
95663,2
95664,2
95665,2
95666,2
95667,2
95668,2
95669,2
95670,2
95671,2
95672,2
95673,2
95674,2
95675,2
95676,2
95677,2
95678,2
95679,2
95680,2
95681,2
95682,2
95683,2
95684,2
95685,2
95686,2
95687,2
95688,2
95689,2
95690,2
95691,2
95692,2
95693,2
95694,2
95695,2
95696,2
95697,2
95698,2
95699,2
95700,2
95701,2
95702,2
95703,2
95704,2
95705,2
95706,2
95707,2
95708,1
95709,2
95710,2
95711,2
95712,2
95713,2
95714,2
95715,2
95716,2
95717,2
95718,2
95719,2
95720,2
95721,2
95722,2
95723,2
95724,2
95725,2
95726,2
95727,2
95728,2
95729,2
95730,2
95731,2
95732,2
95733,2
95734,2
95735,2
95736,2
95737,2
95738,2
95739,2
95740,2
95741,2
95742,2
95743,2
95744,2
95745,2
95746,2
95747,2
95748,2
95749,2
95750,2
95751,2
95752,2
95753,2
95754,2
95755,2
95756,2
95757,2
95758,2
95759,2
95760,2
95761,2
95762,2
95763,2
95764,2
95765,2
95766,2
95767,2
95768,2
95769,2
95770,2
95771,2
95772,2
95773,2
95774,2
95775,2
95776,2
95777,2
95778,2
95779,2
95780,2
95781,2
95782,2
95783,2
95784,2
95785,2
95786,2
95787,2
95788,2
95789,2
95790,2
95791,2
95792,2
95793,2
95794,2
95795,2
95796,2
95797,2
95798,2
95799,2
95800,2
95801,2
95802,2
95803,2
95804,2
95805,2
95806,2
95807,2
95808,2
95809,2
95810,2
95811,2
95812,2
95813,2
95814,2
95815,2
95816,2
95817,2
95818,2
95819,2
95820,2
95821,2
95822,2
95823,2
95824,2
95825,2
95826,2
95827,2
95828,2
95829,2
95830,2
95831,2
95832,2
95833,2
95834,2
95835,2
95836,2
95837,2
95838,2
95839,2
95840,2
95841,2
95842,2
95843,2
95844,2
95845,2
95846,2
95847,2
95848,2
95849,2
95850,2
95851,2
95852,2
95853,2
95854,2
95855,2
95856,2
95857,2
95858,2
95859,2
95860,2
95861,0
95862,2
95863,2
95864,2
95865,2
95866,2
95867,2
95868,2
95869,2
95870,2
95871,2
95872,2
95873,2
95874,2
95875,0
95876,2
95877,2
95878,2
95879,2
95880,2
95881,2
95882,2
95883,2
95884,2
95885,2
95886,2
95887,2
95888,2
95889,1
95890,2
95891,2
95892,2
95893,2
95894,2
95895,2
95896,2
95897,2
95898,2
95899,1
95900,2
95901,2
95902,2
95903,2
95904,2
95905,2
95906,2
95907,2
95908,2
95909,2
95910,2
95911,2
95912,2
95913,2
95914,2
95915,2
95916,2
95917,2
95918,2
95919,2
95920,2
95921,2
95922,2
95923,2
95924,1
95925,2
95926,2
95927,2
95928,2
95929,2
95930,2
95931,2
95932,2
95933,2
95934,2
95935,2
95936,2
95937,2
95938,2
95939,2
95940,2
95941,2
95942,2
95943,2
95944,2
95945,2
95946,2
95947,2
95948,2
95949,2
95950,2
95951,2
95952,2
95953,2
95954,2
95955,2
95956,2
95957,1
95958,2
95959,2
95960,2
95961,2
95962,2
95963,2
95964,2
95965,2
95966,2
95967,2
95968,2
95969,2
95970,2
95971,2
95972,2
95973,2
95974,2
95975,2
95976,2
95977,2
95978,2
95979,2
95980,2
95981,2
95982,2
95983,2
95984,2
95985,2
95986,2
95987,2
95988,2
95989,2
95990,2
95991,2
95992,2
95993,2
95994,2
95995,2
95996,2
95997,2
95998,2
95999,2
96000,2
96001,2
96002,2
96003,2
96004,2
96005,2
96006,2
96007,2
96008,2
96009,2
96010,2
96011,2
96012,2
96013,1
96014,2
96015,2
96016,2
96017,2
96018,2
96019,2
96020,2
96021,2
96022,2
96023,2
96024,2
96025,2
96026,2
96027,2
96028,2
96029,2
96030,2
96031,2
96032,2
96033,2
96034,2
96035,2
96036,2
96037,2
96038,2
96039,2
96040,2
96041,2
96042,2
96043,2
96044,2
96045,2
96046,2
96047,2
96048,2
96049,2
96050,2
96051,2
96052,2
96053,2
96054,2
96055,2
96056,2
96057,2
96058,2
96059,2
96060,2
96061,2
96062,2
96063,2
96064,2
96065,2
96066,2
96067,2
96068,2
96069,2
96070,2
96071,2
96072,2
96073,2
96074,2
96075,2
96076,2
96077,2
96078,2
96079,2
96080,2
96081,2
96082,2
96083,2
96084,2
96085,2
96086,2
96087,2
96088,2
96089,2
96090,2
96091,2
96092,2
96093,2
96094,2
96095,2
96096,2
96097,2
96098,2
96099,2
96100,2
96101,2
96102,2
96103,2
96104,2
96105,2
96106,2
96107,2
96108,2
96109,2
96110,1
96111,2
96112,2
96113,2
96114,2
96115,2
96116,2
96117,2
96118,2
96119,2
96120,2
96121,2
96122,2
96123,2
96124,2
96125,2
96126,2
96127,2
96128,2
96129,2
96130,2
96131,2
96132,2
96133,2
96134,2
96135,2
96136,2
96137,2
96138,2
96139,2
96140,2
96141,2
96142,2
96143,2
96144,2
96145,2
96146,2
96147,2
96148,2
96149,2
96150,2
96151,2
96152,2
96153,2
96154,2
96155,2
96156,2
96157,2
96158,2
96159,2
96160,2
96161,1
96162,2
96163,2
96164,2
96165,2
96166,2
96167,2
96168,2
96169,2
96170,2
96171,2
96172,2
96173,2
96174,2
96175,2
96176,2
96177,2
96178,2
96179,2
96180,2
96181,2
96182,2
96183,2
96184,2
96185,2
96186,2
96187,2
96188,2
96189,2
96190,2
96191,2
96192,2
96193,2
96194,2
96195,2
96196,2
96197,2
96198,2
96199,2
96200,2
96201,2
96202,2
96203,2
96204,2
96205,2
96206,2
96207,2
96208,2
96209,2
96210,2
96211,2
96212,2
96213,2
96214,2
96215,2
96216,2
96217,2
96218,2
96219,2
96220,2
96221,2
96222,2
96223,2
96224,2
96225,2
96226,2
96227,2
96228,2
96229,2
96230,2
96231,2
96232,2
96233,2
96234,2
96235,2
96236,2
96237,2
96238,2
96239,2
96240,2
96241,2
96242,2
96243,2
96244,2
96245,2
96246,2
96247,2
96248,2
96249,2
96250,2
96251,2
96252,2
96253,2
96254,2
96255,2
96256,2
96257,2
96258,2
96259,2
96260,2
96261,2
96262,2
96263,2
96264,2
96265,2
96266,2
96267,2
96268,2
96269,2
96270,2
96271,2
96272,2
96273,2
96274,2
96275,2
96276,2
96277,2
96278,2
96279,2
96280,2
96281,2
96282,1
96283,2
96284,2
96285,2
96286,2
96287,2
96288,2
96289,2
96290,2
96291,2
96292,2
96293,2
96294,2
96295,2
96296,2
96297,2
96298,1
96299,2
96300,2
96301,2
96302,2
96303,2
96304,2
96305,2
96306,2
96307,2
96308,2
96309,2
96310,2
96311,2
96312,2
96313,2
96314,2
96315,2
96316,2
96317,2
96318,2
96319,2
96320,0
96321,2
96322,1
96323,2
96324,2
96325,2
96326,2
96327,2
96328,2
96329,2
96330,2
96331,2
96332,2
96333,2
96334,2
96335,2
96336,2
96337,2
96338,2
96339,2
96340,2
96341,2
96342,2
96343,2
96344,2
96345,2
96346,2
96347,2
96348,2
96349,2
96350,2
96351,2
96352,2
96353,2
96354,2
96355,2
96356,2
96357,2
96358,2
96359,2
96360,2
96361,2
96362,2
96363,2
96364,2
96365,2
96366,2
96367,2
96368,2
96369,2
96370,2
96371,2
96372,2
96373,2
96374,2
96375,2
96376,2
96377,2
96378,2
96379,2
96380,2
96381,2
96382,2
96383,2
96384,2
96385,2
96386,2
96387,2
96388,2
96389,2
96390,2
96391,2
96392,2
96393,2
96394,2
96395,2
96396,2
96397,2
96398,2
96399,2
96400,2
96401,2
96402,2
96403,2
96404,2
96405,2
96406,2
96407,2
96408,2
96409,2
96410,2
96411,2
96412,2
96413,2
96414,2
96415,2
96416,2
96417,2
96418,2
96419,2
96420,2
96421,2
96422,2
96423,2
96424,2
96425,2
96426,2
96427,2
96428,2
96429,2
96430,2
96431,2
96432,2
96433,2
96434,2
96435,2
96436,2
96437,2
96438,2
96439,2
96440,2
96441,2
96442,2
96443,2
96444,2
96445,2
96446,2
96447,2
96448,2
96449,2
96450,2
96451,2
96452,2
96453,2
96454,2
96455,2
96456,2
96457,2
96458,2
96459,2
96460,2
96461,2
96462,2
96463,2
96464,2
96465,2
96466,2
96467,2
96468,2
96469,2
96470,2
96471,2
96472,2
96473,1
96474,2
96475,2
96476,2
96477,2
96478,2
96479,2
96480,2
96481,2
96482,2
96483,2
96484,2
96485,2
96486,2
96487,2
96488,2
96489,2
96490,2
96491,2
96492,2
96493,2
96494,2
96495,2
96496,2
96497,2
96498,2
96499,2
96500,2
96501,2
96502,2
96503,2
96504,2
96505,2
96506,2
96507,2
96508,2
96509,2
96510,2
96511,2
96512,2
96513,2
96514,2
96515,2
96516,2
96517,2
96518,2
96519,2
96520,2
96521,2
96522,2
96523,2
96524,2
96525,2
96526,2
96527,2
96528,2
96529,2
96530,2
96531,2
96532,2
96533,2
96534,2
96535,2
96536,2
96537,2
96538,2
96539,2
96540,2
96541,2
96542,0
96543,2
96544,2
96545,2
96546,2
96547,2
96548,2
96549,2
96550,2
96551,2
96552,2
96553,2
96554,2
96555,2
96556,2
96557,2
96558,2
96559,2
96560,2
96561,2
96562,2
96563,2
96564,2
96565,2
96566,2
96567,2
96568,2
96569,2
96570,2
96571,2
96572,2
96573,2
96574,2
96575,2
96576,2
96577,2
96578,2
96579,2
96580,2
96581,2
96582,2
96583,2
96584,2
96585,2
96586,2
96587,2
96588,2
96589,2
96590,2
96591,2
96592,2
96593,2
96594,2
96595,2
96596,2
96597,2
96598,2
96599,2
96600,2
96601,2
96602,2
96603,2
96604,2
96605,2
96606,2
96607,2
96608,2
96609,2
96610,2
96611,2
96612,2
96613,2
96614,2
96615,2
96616,2
96617,2
96618,2
96619,2
96620,2
96621,2
96622,2
96623,2
96624,2
96625,2
96626,2
96627,2
96628,2
96629,2
96630,2
96631,2
96632,2
96633,2
96634,2
96635,2
96636,2
96637,2
96638,2
96639,2
96640,2
96641,2
96642,2
96643,2
96644,2
96645,2
96646,2
96647,2
96648,2
96649,2
96650,2
96651,2
96652,2
96653,2
96654,2
96655,2
96656,2
96657,2
96658,2
96659,2
96660,2
96661,2
96662,2
96663,2
96664,2
96665,2
96666,2
96667,2
96668,2
96669,2
96670,2
96671,2
96672,2
96673,2
96674,2
96675,2
96676,2
96677,2
96678,2
96679,2
96680,2
96681,2
96682,2
96683,2
96684,2
96685,2
96686,2
96687,2
96688,2
96689,2
96690,2
96691,2
96692,2
96693,2
96694,2
96695,2
96696,2
96697,2
96698,2
96699,2
96700,2
96701,2
96702,2
96703,2
96704,2
96705,2
96706,2
96707,2
96708,2
96709,2
96710,2
96711,2
96712,2
96713,2
96714,2
96715,2
96716,2
96717,2
96718,2
96719,2
96720,2
96721,2
96722,2
96723,2
96724,2
96725,2
96726,2
96727,2
96728,2
96729,2
96730,2
96731,2
96732,2
96733,2
96734,2
96735,2
96736,2
96737,2
96738,0
96739,2
96740,2
96741,2
96742,2
96743,2
96744,2
96745,2
96746,2
96747,2
96748,2
96749,2
96750,2
96751,2
96752,2
96753,2
96754,2
96755,2
96756,2
96757,2
96758,2
96759,2
96760,2
96761,2
96762,2
96763,2
96764,2
96765,2
96766,2
96767,2
96768,2
96769,2
96770,2
96771,2
96772,2
96773,2
96774,2
96775,2
96776,2
96777,2
96778,2
96779,2
96780,2
96781,2
96782,2
96783,2
96784,2
96785,2
96786,2
96787,2
96788,2
96789,2
96790,2
96791,2
96792,2
96793,2
96794,2
96795,2
96796,2
96797,2
96798,2
96799,2
96800,2
96801,2
96802,2
96803,2
96804,2
96805,2
96806,2
96807,2
96808,2
96809,2
96810,2
96811,2
96812,2
96813,2
96814,2
96815,2
96816,2
96817,2
96818,2
96819,2
96820,2
96821,2
96822,2
96823,2
96824,2
96825,2
96826,2
96827,2
96828,2
96829,2
96830,2
96831,2
96832,2
96833,2
96834,2
96835,2
96836,2
96837,2
96838,2
96839,2
96840,2
96841,2
96842,2
96843,2
96844,2
96845,2
96846,2
96847,2
96848,2
96849,2
96850,2
96851,2
96852,2
96853,2
96854,2
96855,0
96856,2
96857,2
96858,2
96859,2
96860,0
96861,2
96862,2
96863,2
96864,2
96865,2
96866,2
96867,2
96868,2
96869,2
96870,2
96871,2
96872,2
96873,2
96874,2
96875,2
96876,2
96877,2
96878,2
96879,2
96880,2
96881,2
96882,2
96883,2
96884,2
96885,2
96886,2
96887,2
96888,2
96889,2
96890,2
96891,2
96892,2
96893,2
96894,2
96895,2
96896,2
96897,2
96898,2
96899,1
96900,2
96901,2
96902,2
96903,2
96904,2
96905,2
96906,2
96907,2
96908,2
96909,2
96910,2
96911,2
96912,2
96913,2
96914,1
96915,2
96916,2
96917,2
96918,2
96919,2
96920,2
96921,2
96922,2
96923,2
96924,2
96925,2
96926,2
96927,2
96928,2
96929,2
96930,2
96931,2
96932,2
96933,2
96934,2
96935,2
96936,2
96937,2
96938,2
96939,2
96940,2
96941,2
96942,2
96943,2
96944,2
96945,2
96946,2
96947,2
96948,2
96949,2
96950,2
96951,2
96952,2
96953,2
96954,2
96955,2
96956,2
96957,2
96958,2
96959,2
96960,2
96961,2
96962,2
96963,2
96964,2
96965,2
96966,2
96967,2
96968,2
96969,2
96970,2
96971,2
96972,2
96973,0
96974,2
96975,2
96976,2
96977,2
96978,2
96979,2
96980,2
96981,2
96982,2
96983,2
96984,2
96985,2
96986,2
96987,2
96988,2
96989,2
96990,2
96991,2
96992,2
96993,2
96994,0
96995,2
96996,1
96997,2
96998,2
96999,1
97000,1
97001,2
97002,2
97003,2
97004,2
97005,2
97006,1
97007,0
97008,2
97009,2
97010,2
97011,2
97012,1
97013,2
97014,2
97015,2
97016,2
97017,2
97018,2
97019,2
97020,1
97021,2
97022,1
97023,2
97024,2
97025,2
97026,2
97027,1
97028,2
97029,2
97030,2
97031,1
97032,2
97033,2
97034,2
97035,1
97036,2
97037,2
97038,2
97039,2
97040,2
97041,2
97042,0
97043,1
97044,2
97045,2
97046,2
97047,2
97048,2
97049,2
97050,2
97051,1
97052,1
97053,2
97054,2
97055,0
97056,2
97057,2
97058,2
97059,2
97060,2
97061,2
97062,2
97063,2
97064,2
97065,1
97066,2
97067,2
97068,2
97069,2
97070,2
97071,2
97072,2
97073,2
97074,2
97075,2
97076,1
97077,2
97078,1
97079,2
97080,2
97081,2
97082,2
97083,2
97084,2
97085,2
97086,1
97087,2
97088,2
97089,0
97090,2
97091,2
97092,2
97093,2
97094,1
97095,2
97096,2
97097,1
97098,2
97099,2
97100,1
97101,2
97102,2
97103,2
97104,2
97105,1
97106,2
97107,2
97108,1
97109,1
97110,2
97111,2
97112,0
97113,2
97114,2
97115,2
97116,1
97117,2
97118,2
97119,2
97120,2
97121,2
97122,0
97123,1
97124,2
97125,2
97126,2
97127,2
97128,2
97129,0
97130,1
97131,2
97132,2
97133,2
97134,2
97135,2
97136,1
97137,2
97138,1
97139,1
97140,1
97141,2
97142,0
97143,2
97144,2
97145,2
97146,2
97147,2
97148,2
97149,2
97150,2
97151,1
97152,2
97153,2
97154,2
97155,2
97156,2
97157,1
97158,2
97159,1
97160,2
97161,2
97162,1
97163,2
97164,2
97165,2
97166,2
97167,2
97168,2
97169,2
97170,2
97171,0
97172,2
97173,2
97174,2
97175,2
97176,0
97177,2
97178,2
97179,2
97180,2
97181,2
97182,2
97183,1
97184,2
97185,2
97186,2
97187,2
97188,1
97189,1
97190,1
97191,1
97192,0
97193,0
97194,0
97195,0
97196,2
97197,2
97198,1
97199,2
97200,2
97201,2
97202,1
97203,1
97204,1
97205,1
97206,2
97207,2
97208,2
97209,2
97210,2
97211,1
97212,2
97213,2
97214,2
97215,1
97216,1
97217,1
97218,2
97219,2
97220,2
97221,2
97222,2
97223,2
97224,2
97225,1
97226,2
97227,2
97228,1
97229,2
97230,2
97231,2
97232,2
97233,2
97234,2
97235,1
97236,2
97237,2
97238,2
97239,1
97240,2
97241,2
97242,2
97243,2
97244,2
97245,2
97246,2
97247,2
97248,2
97249,2
97250,2
97251,2
97252,2
97253,2
97254,2
97255,2
97256,2
97257,2
97258,2
97259,2
97260,2
97261,2
97262,2
97263,2
97264,2
97265,2
97266,2
97267,2
97268,2
97269,2
97270,2
97271,2
97272,2
97273,2
97274,2
97275,2
97276,2
97277,2
97278,2
97279,2
97280,2
97281,2
97282,2
97283,2
97284,2
97285,2
97286,2
97287,0
97288,2
97289,2
97290,2
97291,2
97292,2
97293,2
97294,2
97295,2
97296,1
97297,1
97298,1
97299,2
97300,2
97301,2
97302,2
97303,2
97304,2
97305,2
97306,2
97307,2
97308,2
97309,2
97310,2
97311,2
97312,2
97313,2
97314,2
97315,2
97316,2
97317,2
97318,2
97319,2
97320,2
97321,2
97322,2
97323,2
97324,2
97325,2
97326,2
97327,2
97328,2
97329,2
97330,2
97331,2
97332,2
97333,2
97334,2
97335,2
97336,2
97337,1
97338,2
97339,2
97340,2
97341,2
97342,2
97343,2
97344,2
97345,2
97346,2
97347,2
97348,2
97349,2
97350,2
97351,2
97352,2
97353,2
97354,2
97355,2
97356,2
97357,2
97358,2
97359,2
97360,2
97361,2
97362,2
97363,2
97364,2
97365,2
97366,2
97367,2
97368,2
97369,2
97370,2
97371,2
97372,2
97373,2
97374,2
97375,2
97376,2
97377,2
97378,2
97379,2
97380,2
97381,2
97382,2
97383,2
97384,2
97385,2
97386,2
97387,2
97388,2
97389,2
97390,2
97391,2
97392,2
97393,2
97394,2
97395,2
97396,2
97397,2
97398,2
97399,2
97400,2
97401,2
97402,2
97403,2
97404,2
97405,2
97406,2
97407,2
97408,2
97409,2
97410,2
97411,2
97412,2
97413,2
97414,2
97415,2
97416,2
97417,2
97418,2
97419,2
97420,2
97421,2
97422,2
97423,2
97424,2
97425,2
97426,2
97427,2
97428,2
97429,2
97430,2
97431,2
97432,2
97433,2
97434,2
97435,2
97436,2
97437,2
97438,2
97439,2
97440,2
97441,2
97442,2
97443,2
97444,2
97445,2
97446,2
97447,2
97448,2
97449,2
97450,2
97451,2
97452,2
97453,2
97454,2
97455,2
97456,2
97457,2
97458,2
97459,2
97460,2
97461,2
97462,2
97463,2
97464,2
97465,2
97466,2
97467,2
97468,2
97469,2
97470,2
97471,2
97472,2
97473,2
97474,2
97475,2
97476,2
97477,2
97478,2
97479,2
97480,2
97481,2
97482,2
97483,2
97484,2
97485,2
97486,2
97487,2
97488,2
97489,2
97490,2
97491,2
97492,2
97493,2
97494,0
97495,2
97496,2
97497,2
97498,2
97499,2
97500,0
97501,1
97502,2
97503,2
97504,2
97505,2
97506,0
97507,2
97508,2
97509,2
97510,2
97511,2
97512,2
97513,2
97514,2
97515,2
97516,2
97517,2
97518,2
97519,2
97520,0
97521,1
97522,1
97523,1
97524,1
97525,1
97526,2
97527,2
97528,1
97529,1
97530,1
97531,1
97532,2
97533,2
97534,1
97535,1
97536,1
97537,1
97538,1
97539,1
97540,2
97541,1
97542,0
97543,1
97544,1
97545,1
97546,1
97547,2
97548,2
97549,2
97550,2
97551,2
97552,2
97553,2
97554,1
97555,1
97556,2
97557,2
97558,2
97559,2
97560,2
97561,1
97562,2
97563,1
97564,1
97565,1
97566,2
97567,2
97568,2
97569,2
97570,2
97571,2
97572,2
97573,1
97574,1
97575,1
97576,2
97577,2
97578,2
97579,0
97580,1
97581,2
97582,1
97583,2
97584,1
97585,0
97586,2
97587,2
97588,1
97589,1
97590,2
97591,1
97592,1
97593,2
97594,2
97595,2
97596,1
97597,2
97598,2
97599,1
97600,2
97601,2
97602,1
97603,2
97604,1
97605,1
97606,2
97607,1
97608,2
97609,1
97610,2
97611,1
97612,2
97613,1
97614,1
97615,2
97616,2
97617,2
97618,0
97619,1
97620,2
97621,2
97622,2
97623,2
97624,2
97625,1
97626,2
97627,1
97628,2
97629,2
97630,2
97631,2
97632,1
97633,1
97634,1
97635,1
97636,1
97637,1
97638,1
97639,2
97640,1
97641,2
97642,1
97643,0
97644,1
97645,1
97646,1
97647,1
97648,2
97649,1
97650,2
97651,2
97652,2
97653,2
97654,2
97655,1
97656,2
97657,2
97658,2
97659,2
97660,1
97661,1
97662,1
97663,2
97664,2
97665,1
97666,2
97667,2
97668,2
97669,0
97670,1
97671,2
97672,2
97673,2
97674,2
97675,1
97676,0
97677,1
97678,2
97679,1
97680,1
97681,2
97682,1
97683,1
97684,2
97685,2
97686,2
97687,2
97688,1
97689,2
97690,2
97691,2
97692,1
97693,2
97694,2
97695,2
97696,2
97697,2
97698,2
97699,2
97700,1
97701,2
97702,2
97703,2
97704,1
97705,2
97706,2
97707,2
97708,2
97709,2
97710,2
97711,2
97712,2
97713,1
97714,0
97715,2
97716,2
97717,2
97718,2
97719,1
97720,1
97721,1
97722,2
97723,1
97724,2
97725,1
97726,2
97727,1
97728,2
97729,1
97730,2
97731,2
97732,1
97733,2
97734,2
97735,2
97736,2
97737,2
97738,2
97739,1
97740,1
97741,2
97742,2
97743,2
97744,2
97745,2
97746,2
97747,2
97748,2
97749,2
97750,1
97751,2
97752,2
97753,2
97754,1
97755,2
97756,1
97757,2
97758,2
97759,2
97760,2
97761,1
97762,2
97763,2
97764,2
97765,2
97766,2
97767,2
97768,1
97769,2
97770,2
97771,2
97772,2
97773,2
97774,0
97775,2
97776,1
97777,1
97778,1
97779,2
97780,2
97781,2
97782,1
97783,2
97784,2
97785,2
97786,2
97787,2
97788,2
97789,2
97790,2
97791,2
97792,2
97793,2
97794,2
97795,2
97796,1
97797,1
97798,1
97799,2
97800,1
97801,2
97802,1
97803,1
97804,2
97805,2
97806,2
97807,2
97808,2
97809,2
97810,2
97811,1
97812,2
97813,2
97814,1
97815,2
97816,2
97817,0
97818,2
97819,2
97820,2
97821,2
97822,2
97823,2
97824,2
97825,0
97826,0
97827,2
97828,2
97829,2
97830,2
97831,1
97832,1
97833,2
97834,2
97835,2
97836,2
97837,2
97838,2
97839,2
97840,2
97841,2
97842,2
97843,2
97844,2
97845,2
97846,2
97847,2
97848,2
97849,2
97850,2
97851,2
97852,2
97853,1
97854,2
97855,2
97856,2
97857,1
97858,2
97859,1
97860,2
97861,2
97862,2
97863,2
97864,2
97865,2
97866,2
97867,2
97868,2
97869,2
97870,2
97871,1
97872,2
97873,1
97874,2
97875,2
97876,2
97877,1
97878,2
97879,2
97880,2
97881,0
97882,2
97883,2
97884,2
97885,2
97886,2
97887,2
97888,2
97889,2
97890,2
97891,2
97892,1
97893,2
97894,2
97895,1
97896,2
97897,2
97898,1
97899,2
97900,2
97901,2
97902,2
97903,0
97904,2
97905,2
97906,0
97907,2
97908,1
97909,1
97910,2
97911,2
97912,1
97913,2
97914,1
97915,2
97916,1
97917,2
97918,2
97919,2
97920,2
97921,1
97922,1
97923,2
97924,2
97925,2
97926,0
97927,2
97928,2
97929,2
97930,2
97931,2
97932,2
97933,2
97934,0
97935,2
97936,2
97937,2
97938,2
97939,2
97940,2
97941,2
97942,2
97943,2
97944,2
97945,2
97946,2
97947,2
97948,2
97949,2
97950,2
97951,2
97952,2
97953,2
97954,2
97955,2
97956,2
97957,2
97958,2
97959,2
97960,2
97961,2
97962,2
97963,2
97964,2
97965,1
97966,2
97967,2
97968,2
97969,2
97970,2
97971,2
97972,2
97973,2
97974,2
97975,2
97976,2
97977,2
97978,2
97979,2
97980,2
97981,2
97982,2
97983,2
97984,2
97985,2
97986,2
97987,2
97988,2
97989,2
97990,1
97991,2
97992,2
97993,2
97994,2
97995,2
97996,2
97997,2
97998,2
97999,2
98000,2
98001,2
98002,2
98003,2
98004,2
98005,2
98006,2
98007,2
98008,2
98009,2
98010,2
98011,2
98012,1
98013,2
98014,2
98015,2
98016,2
98017,2
98018,2
98019,2
98020,2
98021,2
98022,2
98023,2
98024,2
98025,2
98026,2
98027,2
98028,2
98029,2
98030,2
98031,2
98032,2
98033,2
98034,2
98035,2
98036,2
98037,2
98038,2
98039,2
98040,2
98041,2
98042,2
98043,2
98044,2
98045,2
98046,2
98047,2
98048,2
98049,2
98050,2
98051,2
98052,2
98053,2
98054,2
98055,1
98056,1
98057,2
98058,1
98059,2
98060,2
98061,1
98062,2
98063,2
98064,1
98065,1
98066,2
98067,2
98068,2
98069,2
98070,2
98071,1
98072,0
98073,2
98074,1
98075,2
98076,1
98077,2
98078,1
98079,1
98080,2
98081,1
98082,1
98083,2
98084,1
98085,2
98086,2
98087,2
98088,1
98089,1
98090,2
98091,1
98092,2
98093,1
98094,1
98095,1
98096,2
98097,2
98098,2
98099,1
98100,1
98101,1
98102,1
98103,2
98104,2
98105,2
98106,1
98107,2
98108,2
98109,2
98110,2
98111,2
98112,2
98113,2
98114,2
98115,2
98116,2
98117,2
98118,2
98119,2
98120,2
98121,2
98122,2
98123,1
98124,1
98125,1
98126,2
98127,1
98128,2
98129,2
98130,1
98131,1
98132,0
98133,2
98134,1
98135,0
98136,1
98137,1
98138,2
98139,2
98140,2
98141,2
98142,1
98143,1
98144,2
98145,2
98146,1
98147,2
98148,2
98149,2
98150,2
98151,2
98152,2
98153,1
98154,2
98155,2
98156,2
98157,2
98158,2
98159,2
98160,2
98161,1
98162,1
98163,1
98164,1
98165,1
98166,1
98167,2
98168,2
98169,1
98170,1
98171,1
98172,0
98173,2
98174,2
98175,2
98176,2
98177,2
98178,2
98179,2
98180,1
98181,2
98182,1
98183,2
98184,0
98185,2
98186,2
98187,1
98188,2
98189,2
98190,2
98191,2
98192,2
98193,1
98194,2
98195,2
98196,2
98197,2
98198,1
98199,2
98200,2
98201,2
98202,2
98203,2
98204,2
98205,2
98206,2
98207,1
98208,2
98209,2
98210,2
98211,2
98212,1
98213,2
98214,2
98215,2
98216,1
98217,2
98218,2
98219,2
98220,0
98221,1
98222,1
98223,2
98224,1
98225,2
98226,0
98227,1
98228,2
98229,2
98230,1
98231,2
98232,2
98233,2
98234,1
98235,2
98236,2
98237,2
98238,2
98239,2
98240,1
98241,2
98242,2
98243,2
98244,2
98245,0
98246,2
98247,2
98248,2
98249,1
98250,2
98251,2
98252,0
98253,2
98254,0
98255,2
98256,2
98257,2
98258,2
98259,2
98260,1
98261,2
98262,2
98263,2
98264,2
98265,2
98266,2
98267,2
98268,2
98269,2
98270,2
98271,2
98272,1
98273,2
98274,2
98275,2
98276,2
98277,2
98278,2
98279,2
98280,2
98281,2
98282,2
98283,2
98284,2
98285,2
98286,2
98287,2
98288,2
98289,1
98290,2
98291,2
98292,2
98293,2
98294,2
98295,2
98296,2
98297,2
98298,2
98299,2
98300,2
98301,2
98302,2
98303,1
98304,2
98305,2
98306,2
98307,2
98308,1
98309,0
98310,2
98311,1
98312,2
98313,1
98314,2
98315,1
98316,2
98317,2
98318,2
98319,2
98320,2
98321,1
98322,2
98323,2
98324,2
98325,2
98326,2
98327,2
98328,1
98329,2
98330,2
98331,2
98332,2
98333,1
98334,2
98335,2
98336,1
98337,2
98338,2
98339,1
98340,2
98341,2
98342,2
98343,2
98344,2
98345,2
98346,1
98347,0
98348,2
98349,1
98350,2
98351,2
98352,2
98353,2
98354,2
98355,2
98356,1
98357,2
98358,2
98359,1
98360,2
98361,1
98362,1
98363,2
98364,2
98365,2
98366,2
98367,2
98368,1
98369,2
98370,2
98371,0
98372,2
98373,2
98374,2
98375,2
98376,2
98377,2
98378,2
98379,2
98380,2
98381,2
98382,2
98383,2
98384,1
98385,1
98386,2
98387,1
98388,2
98389,1
98390,2
98391,0
98392,2
98393,2
98394,2
98395,2
98396,2
98397,1
98398,1
98399,2
98400,1
98401,2
98402,2
98403,1
98404,1
98405,2
98406,1
98407,2
98408,2
98409,0
98410,1
98411,0
98412,2
98413,2
98414,2
98415,2
98416,2
98417,2
98418,1
98419,1
98420,2
98421,1
98422,2
98423,0
98424,2
98425,1
98426,2
98427,2
98428,2
98429,2
98430,2
98431,1
98432,2
98433,2
98434,1
98435,2
98436,0
98437,1
98438,2
98439,2
98440,2
98441,2
98442,1
98443,2
98444,1
98445,2
98446,1
98447,2
98448,1
98449,2
98450,1
98451,1
98452,1
98453,2
98454,1
98455,1
98456,1
98457,2
98458,2
98459,2
98460,1
98461,2
98462,1
98463,1
98464,1
98465,1
98466,2
98467,2
98468,2
98469,1
98470,2
98471,1
98472,1
98473,2
98474,2
98475,2
98476,1
98477,2
98478,2
98479,2
98480,1
98481,2
98482,1
98483,1
98484,2
98485,1
98486,2
98487,2
98488,2
98489,1
98490,2
98491,2
98492,1
98493,1
98494,0
98495,1
98496,1
98497,2
98498,2
98499,2
98500,1
98501,1
98502,1
98503,1
98504,1
98505,1
98506,1
98507,2
98508,1
98509,1
98510,1
98511,1
98512,0
98513,2
98514,1
98515,1
98516,1
98517,2
98518,1
98519,1
98520,2
98521,2
98522,1
98523,2
98524,1
98525,1
98526,1
98527,2
98528,1
98529,0
98530,1
98531,1
98532,1
98533,2
98534,2
98535,1
98536,2
98537,2
98538,2
98539,2
98540,2
98541,0
98542,2
98543,1
98544,2
98545,1
98546,2
98547,2
98548,1
98549,2
98550,2
98551,2
98552,0
98553,2
98554,1
98555,2
98556,2
98557,2
98558,2
98559,2
98560,2
98561,2
98562,2
98563,2
98564,1
98565,2
98566,2
98567,2
98568,2
98569,2
98570,1
98571,2
98572,1
98573,2
98574,2
98575,1
98576,2
98577,1
98578,2
98579,2
98580,1
98581,2
98582,1
98583,2
98584,2
98585,1
98586,2
98587,2
98588,2
98589,2
98590,2
98591,2
98592,1
98593,2
98594,2
98595,2
98596,2
98597,2
98598,2
98599,1
98600,2
98601,0
98602,1
98603,2
98604,1
98605,1
98606,1
98607,2
98608,2
98609,2
98610,2
98611,1
98612,1
98613,1
98614,2
98615,1
98616,1
98617,2
98618,2
98619,2
98620,0
98621,2
98622,2
98623,2
98624,2
98625,2
98626,2
98627,2
98628,2
98629,2
98630,1
98631,2
98632,2
98633,2
98634,2
98635,2
98636,1
98637,2
98638,1
98639,2
98640,2
98641,1
98642,1
98643,2
98644,2
98645,2
98646,2
98647,2
98648,2
98649,1
98650,2
98651,2
98652,1
98653,2
98654,1
98655,2
98656,2
98657,2
98658,0
98659,2
98660,2
98661,2
98662,2
98663,1
98664,2
98665,2
98666,1
98667,2
98668,2
98669,2
98670,2
98671,1
98672,1
98673,2
98674,2
98675,2
98676,2
98677,2
98678,0
98679,2
98680,2
98681,2
98682,2
98683,2
98684,1
98685,1
98686,2
98687,2
98688,2
98689,2
98690,1
98691,2
98692,1
98693,2
98694,2
98695,2
98696,2
98697,2
98698,2
98699,2
98700,2
98701,2
98702,2
98703,1
98704,2
98705,2
98706,2
98707,2
98708,2
98709,2
98710,2
98711,1
98712,2
98713,2
98714,2
98715,2
98716,2
98717,2
98718,2
98719,2
98720,2
98721,1
98722,2
98723,2
98724,2
98725,2
98726,2
98727,2
98728,2
98729,2
98730,0
98731,2
98732,2
98733,2
98734,0
98735,2
98736,2
98737,2
98738,1
98739,1
98740,2
98741,2
98742,2
98743,2
98744,1
98745,2
98746,2
98747,2
98748,2
98749,2
98750,2
98751,2
98752,2
98753,2
98754,2
98755,2
98756,2
98757,2
98758,2
98759,2
98760,2
98761,2
98762,2
98763,2
98764,2
98765,2
98766,2
98767,1
98768,2
98769,2
98770,2
98771,1
98772,0
98773,2
98774,2
98775,2
98776,2
98777,2
98778,1
98779,2
98780,2
98781,2
98782,1
98783,2
98784,2
98785,2
98786,2
98787,2
98788,2
98789,2
98790,2
98791,2
98792,1
98793,2
98794,2
98795,2
98796,2
98797,0
98798,2
98799,2
98800,1
98801,2
98802,1
98803,2
98804,2
98805,2
98806,1
98807,2
98808,2
98809,2
98810,2
98811,2
98812,2
98813,2
98814,1
98815,2
98816,2
98817,2
98818,2
98819,2
98820,2
98821,2
98822,1
98823,2
98824,2
98825,2
98826,2
98827,2
98828,0
98829,2
98830,2
98831,2
98832,1
98833,2
98834,2
98835,2
98836,2
98837,2
98838,2
98839,2
98840,2
98841,2
98842,2
98843,2
98844,2
98845,2
98846,2
98847,2
98848,2
98849,2
98850,2
98851,2
98852,2
98853,2
98854,2
98855,2
98856,2
98857,2
98858,2
98859,2
98860,2
98861,2
98862,2
98863,2
98864,2
98865,2
98866,2
98867,2
98868,2
98869,2
98870,2
98871,2
98872,2
98873,2
98874,2
98875,2
98876,2
98877,2
98878,2
98879,2
98880,2
98881,1
98882,2
98883,2
98884,2
98885,2
98886,2
98887,2
98888,2
98889,2
98890,2
98891,2
98892,2
98893,2
98894,2
98895,2
98896,1
98897,2
98898,2
98899,2
98900,2
98901,2
98902,2
98903,2
98904,2
98905,1
98906,2
98907,2
98908,2
98909,2
98910,2
98911,2
98912,2
98913,2
98914,2
98915,2
98916,2
98917,2
98918,2
98919,2
98920,2
98921,2
98922,2
98923,2
98924,2
98925,2
98926,2
98927,2
98928,2
98929,2
98930,2
98931,2
98932,0
98933,2
98934,2
98935,2
98936,2
98937,2
98938,2
98939,2
98940,2
98941,2
98942,2
98943,1
98944,2
98945,2
98946,2
98947,2
98948,2
98949,2
98950,2
98951,2
98952,1
98953,2
98954,2
98955,2
98956,1
98957,2
98958,2
98959,1
98960,2
98961,1
98962,2
98963,0
98964,2
98965,2
98966,2
98967,0
98968,1
98969,2
98970,1
98971,2
98972,2
98973,2
98974,2
98975,1
98976,2
98977,2
98978,2
98979,2
98980,2
98981,2
98982,2
98983,2
98984,2
98985,2
98986,2
98987,2
98988,1
98989,2
98990,2
98991,2
98992,2
98993,2
98994,1
98995,2
98996,2
98997,2
98998,1
98999,2
99000,1
99001,2
99002,2
99003,2
99004,2
99005,2
99006,1
99007,1
99008,1
99009,2
99010,2
99011,2
99012,0
99013,1
99014,1
99015,1
99016,2
99017,2
99018,2
99019,2
99020,0
99021,2
99022,2
99023,2
99024,2
99025,2
99026,0
99027,1
99028,2
99029,0
99030,2
99031,2
99032,2
99033,2
99034,2
99035,1
99036,2
99037,2
99038,2
99039,0
99040,0
99041,2
99042,2
99043,1
99044,2
99045,1
99046,2
99047,2
99048,2
99049,2
99050,2
99051,1
99052,1
99053,2
99054,0
99055,2
99056,2
99057,1
99058,1
99059,2
99060,2
99061,2
99062,2
99063,0
99064,1
99065,2
99066,2
99067,1
99068,1
99069,2
99070,2
99071,2
99072,2
99073,2
99074,2
99075,2
99076,2
99077,2
99078,2
99079,2
99080,2
99081,2
99082,2
99083,2
99084,2
99085,2
99086,2
99087,2
99088,2
99089,2
99090,2
99091,2
99092,2
99093,2
99094,2
99095,2
99096,2
99097,2
99098,2
99099,2
99100,2
99101,2
99102,2
99103,2
99104,2
99105,2
99106,2
99107,2
99108,2
99109,2
99110,2
99111,2
99112,2
99113,2
99114,2
99115,2
99116,2
99117,2
99118,2
99119,2
99120,2
99121,2
99122,2
99123,2
99124,2
99125,2
99126,2
99127,2
99128,2
99129,2
99130,2
99131,2
99132,2
99133,2
99134,2
99135,2
99136,2
99137,2
99138,2
99139,2
99140,2
99141,2
99142,2
99143,2
99144,2
99145,2
99146,2
99147,2
99148,2
99149,1
99150,2
99151,2
99152,2
99153,2
99154,2
99155,2
99156,2
99157,2
99158,2
99159,2
99160,2
99161,2
99162,2
99163,2
99164,2
99165,2
99166,1
99167,2
99168,2
99169,2
99170,2
99171,2
99172,2
99173,2
99174,2
99175,2
99176,2
99177,2
99178,2
99179,2
99180,2
99181,2
99182,2
99183,2
99184,2
99185,2
99186,2
99187,2
99188,2
99189,2
99190,2
99191,2
99192,2
99193,2
99194,2
99195,2
99196,2
99197,2
99198,2
99199,2
99200,2
99201,2
99202,1
99203,2
99204,2
99205,2
99206,2
99207,2
99208,2
99209,2
99210,2
99211,2
99212,2
99213,2
99214,2
99215,2
99216,2
99217,2
99218,2
99219,2
99220,2
99221,2
99222,2
99223,2
99224,2
99225,2
99226,2
99227,2
99228,2
99229,2
99230,2
99231,2
99232,2
99233,2
99234,2
99235,2
99236,2
99237,2
99238,2
99239,2
99240,2
99241,2
99242,2
99243,2
99244,2
99245,2
99246,2
99247,2
99248,2
99249,2
99250,2
99251,2
99252,2
99253,2
99254,2
99255,2
99256,2
99257,2
99258,2
99259,2
99260,2
99261,2
99262,2
99263,2
99264,2
99265,2
99266,2
99267,2
99268,2
99269,2
99270,2
99271,2
99272,2
99273,2
99274,1
99275,2
99276,1
99277,2
99278,2
99279,2
99280,2
99281,2
99282,2
99283,2
99284,2
99285,2
99286,2
99287,2
99288,2
99289,2
99290,2
99291,2
99292,2
99293,2
99294,2
99295,2
99296,2
99297,2
99298,2
99299,1
99300,2
99301,2
99302,2
99303,2
99304,2
99305,2
99306,2
99307,2
99308,2
99309,2
99310,2
99311,2
99312,2
99313,2
99314,2
99315,0
99316,2
99317,2
99318,2
99319,2
99320,2
99321,2
99322,2
99323,2
99324,2
99325,2
99326,2
99327,2
99328,2
99329,2
99330,2
99331,2
99332,2
99333,2
99334,2
99335,2
99336,2
99337,2
99338,2
99339,2
99340,2
99341,2
99342,2
99343,2
99344,2
99345,2
99346,2
99347,2
99348,2
99349,2
99350,1
99351,2
99352,2
99353,2
99354,2
99355,2
99356,2
99357,2
99358,2
99359,2
99360,0
99361,2
99362,2
99363,2
99364,2
99365,2
99366,2
99367,2
99368,2
99369,2
99370,2
99371,2
99372,2
99373,2
99374,2
99375,2
99376,2
99377,2
99378,2
99379,2
99380,2
99381,2
99382,2
99383,2
99384,2
99385,2
99386,2
99387,2
99388,2
99389,2
99390,2
99391,2
99392,2
99393,2
99394,2
99395,2
99396,2
99397,2
99398,2
99399,2
99400,2
99401,2
99402,2
99403,2
99404,2
99405,2
99406,2
99407,1
99408,2
99409,2
99410,2
99411,2
99412,2
99413,2
99414,2
99415,2
99416,2
99417,2
99418,2
99419,2
99420,2
99421,2
99422,2
99423,2
99424,2
99425,2
99426,2
99427,2
99428,2
99429,2
99430,2
99431,2
99432,2
99433,2
99434,2
99435,2
99436,2
99437,2
99438,2
99439,2
99440,2
99441,2
99442,2
99443,2
99444,2
99445,2
99446,2
99447,2
99448,2
99449,2
99450,2
99451,2
99452,2
99453,2
99454,0
99455,2
99456,2
99457,2
99458,0
99459,2
99460,0
99461,2
99462,2
99463,2
99464,2
99465,2
99466,2
99467,2
99468,2
99469,2
99470,2
99471,2
99472,2
99473,2
99474,2
99475,2
99476,2
99477,2
99478,2
99479,2
99480,2
99481,2
99482,2
99483,2
99484,2
99485,2
99486,2
99487,1
99488,2
99489,2
99490,2
99491,2
99492,2
99493,2
99494,2
99495,2
99496,2
99497,2
99498,2
99499,2
99500,2
99501,2
99502,2
99503,2
99504,2
99505,2
99506,2
99507,2
99508,2
99509,2
99510,2
99511,1
99512,2
99513,2
99514,2
99515,2
99516,2
99517,2
99518,2
99519,2
99520,2
99521,2
99522,2
99523,2
99524,2
99525,2
99526,2
99527,2
99528,2
99529,2
99530,2
99531,2
99532,2
99533,2
99534,2
99535,2
99536,2
99537,2
99538,2
99539,2
99540,2
99541,2
99542,2
99543,2
99544,2
99545,0
99546,2
99547,2
99548,2
99549,2
99550,2
99551,2
99552,2
99553,2
99554,1
99555,2
99556,2
99557,2
99558,2
99559,2
99560,2
99561,2
99562,2
99563,2
99564,2
99565,2
99566,2
99567,2
99568,1
99569,2
99570,1
99571,2
99572,2
99573,2
99574,0
99575,1
99576,0
99577,2
99578,1
99579,2
99580,2
99581,1
99582,2
99583,2
99584,2
99585,2
99586,2
99587,2
99588,1
99589,0
99590,1
99591,2
99592,2
99593,2
99594,2
99595,1
99596,2
99597,2
99598,1
99599,1
99600,2
99601,1
99602,2
99603,1
99604,1
99605,2
99606,1
99607,1
99608,2
99609,2
99610,1
99611,2
99612,1
99613,2
99614,0
99615,2
99616,2
99617,2
99618,2
99619,1
99620,1
99621,2
99622,2
99623,1
99624,2
99625,2
99626,2
99627,2
99628,2
99629,2
99630,2
99631,2
99632,2
99633,0
99634,2
99635,1
99636,2
99637,2
99638,2
99639,1
99640,2
99641,1
99642,2
99643,2
99644,2
99645,0
99646,2
99647,1
99648,2
99649,2
99650,2
99651,2
99652,1
99653,2
99654,0
99655,2
99656,2
99657,2
99658,2
99659,2
99660,2
99661,2
99662,2
99663,2
99664,1
99665,2
99666,2
99667,2
99668,2
99669,2
99670,2
99671,2
99672,2
99673,2
99674,1
99675,2
99676,2
99677,2
99678,2
99679,2
99680,2
99681,2
99682,2
99683,2
99684,2
99685,2
99686,2
99687,2
99688,2
99689,2
99690,2
99691,2
99692,2
99693,2
99694,2
99695,2
99696,2
99697,2
99698,2
99699,2
99700,1
99701,2
99702,2
99703,2
99704,1
99705,2
99706,2
99707,2
99708,2
99709,2
99710,2
99711,2
99712,2
99713,2
99714,2
99715,2
99716,2
99717,2
99718,2
99719,2
99720,2
99721,2
99722,2
99723,2
99724,2
99725,2
99726,2
99727,2
99728,2
99729,2
99730,2
99731,2
99732,2
99733,2
99734,2
99735,2
99736,2
99737,1
99738,2
99739,2
99740,2
99741,2
99742,2
99743,2
99744,2
99745,1
99746,2
99747,2
99748,2
99749,2
99750,2
99751,2
99752,2
99753,2
99754,2
99755,2
99756,2
99757,2
99758,2
99759,2
99760,2
99761,2
99762,2
99763,2
99764,2
99765,2
99766,2
99767,2
99768,2
99769,2
99770,2
99771,2
99772,2
99773,2
99774,2
99775,2
99776,0
99777,2
99778,2
99779,2
99780,2
99781,2
99782,2
99783,2
99784,2
99785,2
99786,2
99787,2
99788,2
99789,2
99790,2
99791,2
99792,2
99793,2
99794,2
99795,2
99796,2
99797,2
99798,2
99799,2
99800,2
99801,2
99802,2
99803,2
99804,2
99805,2
99806,2
99807,2
99808,2
99809,2
99810,2
99811,2
99812,2
99813,2
99814,2
99815,2
99816,2
99817,2
99818,2
99819,1
99820,1
99821,2
99822,2
99823,2
99824,2
99825,2
99826,2
99827,2
99828,2
99829,2
99830,0
99831,2
99832,2
99833,2
99834,2
99835,2
99836,2
99837,2
99838,2
99839,2
99840,2
99841,2
99842,2
99843,2
99844,2
99845,2
99846,2
99847,2
99848,2
99849,1
99850,2
99851,2
99852,2
99853,2
99854,2
99855,2
99856,2
99857,2
99858,2
99859,2
99860,2
99861,2
99862,2
99863,2
99864,2
99865,2
99866,1
99867,2
99868,2
99869,2
99870,2
99871,2
99872,2
99873,2
99874,1
99875,2
99876,2
99877,2
99878,2
99879,2
99880,2
99881,2
99882,2
99883,2
99884,2
99885,2
99886,2
99887,2
99888,2
99889,2
99890,2
99891,2
99892,2
99893,2
99894,2
99895,2
99896,2
99897,2
99898,2
99899,2
99900,2
99901,2
99902,2
99903,2
99904,2
99905,2
99906,2
99907,2
99908,2
99909,2
99910,2
99911,2
99912,2
99913,2
99914,2
99915,2
99916,2
99917,2
99918,2
99919,2
99920,2
99921,2
99922,2
99923,2
99924,2
99925,2
99926,2
99927,2
99928,2
99929,2
99930,2
99931,2
99932,2
99933,2
99934,2
99935,2
99936,2
99937,2
99938,2
99939,2
99940,2
99941,2
99942,2
99943,2
99944,2
99945,2
99946,2
99947,2
99948,2
99949,2
99950,2
99951,2
99952,2
99953,2
99954,2
99955,2
99956,2
99957,2
99958,2
99959,2
99960,2
99961,2
99962,2
99963,2
99964,2
99965,2
99966,2
99967,2
99968,2
99969,2
99970,2
99971,2
99972,1
99973,2
99974,2
99975,2
99976,2
99977,2
99978,2
99979,2
99980,2
99981,2
99982,2
99983,2
99984,2
99985,2
99986,2
99987,2
99988,2
99989,2
99990,2
99991,2
99992,2
99993,2
99994,2
99995,2
99996,2
99997,2
99998,2
99999,2
100000,2
